Title,URL
Serve images in next-gen formats,https://www.youtube.com/
Log In ‚Äπ ‚Äî WordPress,https://urdunovelstore.great-site.net/wp-login.php?redirect_to=https%3A%2F%2Fpeaknovelshop.great-site.net%2Fwp-admin%2Findex.php%3Fi%3D1&reauth=1
Inbox (5) - bankurdunovel@gmail.com - Gmail,https://mail.google.com/mail/u/0/#inbox
,file:///C:/Users/PCS/Downloads/the%20volverine.png
My Drive - Google Drive,https://drive.google.com/drive/my-drive
novel post - Colab,https://colab.research.google.com/drive/1UxUifxGriUWbvt3qIlDeWyTUqSqWXlDJ#scrollTo=zY9AfXw1D8ue
Smarturdunovelbank - a Hugging Face Space by Devurdunovelbank,https://huggingface.co/spaces/Devurdunovelbank/smarturdunovelbank
novelSUNB,https://jubdtenabafd.blogspot.com/2025/12/novel.html
pinterest csv gen - Colab,https://colab.research.google.com/drive/19en0fehqS19DglnjTzq3uLMB3xCngw_X
label gen - Colab,https://colab.research.google.com/drive/1nMbt53KczBs46TIyiP0B47x92QnAQkwy
url to labels finder - Colab,https://colab.research.google.com/drive/1WkXBnHdCtvqcHCxeBEsL57GEpcoL6PtZ
table.ipynb - Colab,https://colab.research.google.com/drive/1N5kkyTLGK5bhdJAncMWrDUe1GOPJBbjT#scrollTo=OCo-6qI2xbZK
(2) Facebook,https://www.facebook.com/media/set/?set=a.822010981476747&type=3
(2) Facebook,https://www.facebook.com/media/set/?set=a.810170249327487&type=3
(2) Facebook,https://www.facebook.com/media/set/?set=a.300570206954163&type=3
(2) Facebook,https://www.facebook.com/media/set/?set=a.300295066981677&type=3
(2) Facebook,https://www.facebook.com/media/set/?set=a.280091682335349&type=3
(2) Facebook,https://www.facebook.com/media/set/?set=a.199758410368677&type=3
(2) Facebook,https://www.facebook.com/media/set/?set=a.1013658425645334&type=3
(2) Facebook,https://www.facebook.com/media/set/?set=a.983657871978723&type=3
(2) Facebook,https://www.facebook.com/media/set/?set=a.783268195351026&type=3
(2) Facebook,https://www.facebook.com/media/set/?set=a.771065099904669&type=3
(2) Facebook,https://www.facebook.com/media/set/?set=a.685129975164849&type=3
(2) Facebook,https://www.facebook.com/media/set/?set=a.665681813776332&type=3
(2) Facebook,https://www.facebook.com/media/set/?set=a.748555275488985&type=3
(2) Facebook,https://www.facebook.com/media/set/?set=a.709658369378676&type=3
(2) Facebook,https://www.facebook.com/media/set/?set=a.659973077680539&type=3
(2) Facebook,https://www.facebook.com/media/set/?set=a.653725214971992&type=3
(2) Facebook,https://www.facebook.com/media/set/?set=a.627212204289960&type=3
Facebook,https://www.facebook.com/media/set/?set=a.300087850335732&type=3
Facebook,https://www.facebook.com/media/set/?set=a.302132970131220&type=3
(2) Facebook,https://www.facebook.com/media/set/?set=a.395232977487885&type=3
(2) Facebook,https://www.facebook.com/media/set/?set=a.419092865101896&type=3
(2) Facebook,https://www.facebook.com/media/set/?set=a.420446181633231&type=3
(2) Facebook,https://www.facebook.com/media/set/?set=a.448802865464229&type=3
Settings ¬∑ Urdu Novel Bank | OneSignal,https://dashboard.onesignal.com/apps/1fe112a9-e698-49fd-b601-6211f811c92b/settings
ankaboot,https://draft.blogger.com/blog/posts/6060373960762107183?q=label%3A%22Noor%20Rajpoot%22
smart urdu novel bank edit,https://www.blogger.com/blog/post/edit/6060373960762107183/2272191334034244809
writer directory,https://www.blogger.com/blog/post/edit/6060373960762107183/3469070322070122177
smartunb,https://www.blogger.com/blog/posts/6060373960762107183?q=label%3A%22Smart%20Urdu%20Novel%20Bank%22
humayunayoub - Colab,https://colab.research.google.com/drive/1TlDvxYpNGfwL2mOxS9z2wi1EGlAAJiOt#scrollTo=vdTguetqBeuL
dashbo,https://www.blogger.com/blog/post/edit/6060373960762107183/1963240333570760322
Rahat Jabeen - Colab,https://colab.research.google.com/drive/1z9vBacZGODuhL0CvdTq1GQP4uoqlCcjJ
reeview-post-generator.ipynb - Colab,https://colab.research.google.com/drive/1dX0LLBGw_P7evFWoz5516Y7JwYDGVN05#scrollTo=YMam12MABiEb
Home - Canva,https://www.canva.com/
Untitled1.ipynb - Colab,https://colab.research.google.com/drive/110T47n13H95077NlbNjEu6Mxdehf0Rl1
safe comment reply.ipynb - Colab,https://colab.research.google.com/drive/10aapxiTe7Cf2wgZJ0oWpVa8sksgBp2NW#scrollTo=ZBzf0iPVH_xx
After Marriage ‚Äì Urdu Novels Universe,https://urdunovelsuniverse.com/category/after-marriage/
Hisab e dil rehnay do by Nabila Aziz - Digest Library,https://digestlibrary.com/2020/12/12/hisab-e-dil-rehnay-do-by-nabila-aziz/
Kitab Ghar Romantic Urdu Novels Collection Stories Poetry Books PDF Downloads,https://kitaabghar.com/
GitHub - adilmukhtar82/Transliteration-Roman-to-Urdu-monolingual-corpora,https://github.com/adilmukhtar82/Transliteration-Roman-to-Urdu-monolingual-corpora/tree/master
Betian Phool Hain ÿ®€åŸπ€åÿß⁄∫ Ÿæ⁄æŸàŸÑ €Å€å⁄∫ By Shireen Haider - Episode 1,https://www.urdupoint.com/books/detail/betian-phool-hain/4982/episode-1.html
Sheeshe Ki Dewaar ÿ¥€åÿ¥€í ⁄©€å ÿØ€åŸàÿßÿ± By Mirza Adeeb - Baab 1,https://www.urdupoint.com/books/detail/sheeshe-ki-dewaar/1324/baab-1.html
Hey ÿ≠ By Fouzia Bhatti - Qist 1,https://www.urdupoint.com/books/detail/hey/3583/qist-1.html
Yasmeen €åÿßÿ≥ŸÖ€å⁄∫ By Mirza Mohammad Saeed - Qist 1,https://www.urdupoint.com/books/detail/yasmeen/1323/qist-1.html
Do Chehry Novel By: Ujala Naz | 2025 Free Download Pdf | Color of Books Premium,https://colorofbooks.com/do-chehry-novel/
Free Urdu Novel Plots: Pakistani novel based drama list,https://urdunovelplot.blogspot.com/p/pakistani-drama-novel.html
Instagram,https://www.instagram.com/safeena_the_chapter_chaser/
Instagram,https://www.instagram.com/storieswithzain/
ÿßÿØ⁄æÿß,https://www.rekhta.org/stories/addha-gulzar-stories?lang=ur
The Medium By Noor Rajpoot Complete Urdu Novel,https://urdunovelsghar.com/the-medium-by-noor-rajpoot-complete-urdu-novel/
Best Urdu Novels Online &amp; Download Novels Pdf,https://urdunovelsghar.pk/
Best Urdu Novels Ghar - Novels In Urdu PDF,https://besturdunovelsghar.com/
50 Best Urdu Novels Read Before You Die (46 books),https://www.goodreads.com/list/show/114463.50_Best_Urdu_Novels_Read_Before_You_Die
Shah E Man Urdu Novel By Yaman Eva,https://urdunovelsghar.pk/shah-e-man-urdu-novel-by-yaman-eva/
Romantic Urdu Novels,https://urdunovelsghar.pk/romantic-urdu-novels/
this,https://urdunovelsghar.pk/short-romantic-urdu-novels-list-free-download-pdf/
thiss,https://digestlibrary.com/category/novel-categories/romantic-love-story-based/
Urdu Books,https://itsurdu.blogspot.com/search/label/I
Paksociety ‚Äì Online Library of Pakistan,https://paksociety.com/
Free Urdu Books in PDF Format: Umera Ahmed Novels,https://hibuddiez.blogspot.com/p/umera-ahmed-novels.html
Download Free Pdf Books,https://pdfbooksfree.pk/
bookspk.site,https://bookspk.site/
Pk Library - Free download and read online Urdu books,https://book.pklibrary.com/index.php
Best Place for Urdu Books - Library Pk,https://librarypk.com/
Reading Section ‚Äì Online Library for Urdu Novels,https://rspk.paksociety.com/
Daily Urdu Books‚Ñ¢ - Free Download Urdu Novels In PDF,https://www.dailyurdubooks.com/
Kitab Dost,https://kitabdostpk.blogspot.com/
Urdu Novels Collection,https://urdunovelcollection.com/
CaretoFUN Romantic Urdu Novels Poetry Home Remedies Stories,https://reading.caretofun.net/
Kitab Ghar Romantic Urdu Novels Collection Stories Poetry Books PDF Downloads,https://kitaabghar.com/#
"Read your Favorite Latest Urdu Novels, Books &amp; Stories",https://novelsgeek.com/
"The Other Me Unfolded ‚Äì I write because...why not? (Stories, reviews, rants and more)",https://theothermeunfolded.com/
KoH Novels Urdu,https://www.kohnovelsurdu.com/
UUNovels - Shelf of Romantic Urdu Novels,https://uunovels.com/
Latest Monthly Khawateen Digest Free Download pdf - UrduNovelsMag,https://www.urdunovelsmag.com/2023/12/latest-monthly-khawateen-digest.html
UrduNovelsMag,https://www.urdunovelsmag.com/
Bay-Mosmi Zindagi | UrduZone,https://www.urduzone.net/bay-mosmi-zindagi/
Digest Kahani - Your Destination for Digest Stories,https://digestkahani.pk/
FAMOUS URDU NOVELS: SHUAA DIGEST LIST,https://famousurdunovels.blogspot.com/2017/03/shuaa-digest-list.html
Download Romantic Urdu Novels Pdf,https://urdunovelsghar.com/
Free Urdu Digests: Aanchal Digest April 2014 Online Reading.,https://freeurdudigest.blogspot.com/2014/03/aanchal-digest-april-2014-online-reading.html
Free Urdu Digests: Aanchal Digest,https://freeurdudigest.blogspot.com/search/label/Aanchal%20Digest
PRIME ONLINE NOVELS: Aanchal Digest June 2018 part 1,https://primeonlinenovels.blogspot.com/2019/01/aanchal-digest-june-2018-part-1.html
Read And Download Urdu Digest And Novel Free PDF Download,https://www.tagpk.com/
Home - Parhlo Pakistan,https://parhlo.com.pk/
Aanchal Digest September 2017,https://www.urdusoftbooks.com/2017/09/aanchal-digest-september-2017.html
Kiran Digest August 2014 Free Download PDF - BooksPk,https://bookspk.site/2014/08/kiran-digest-august-2014.html
Kutab Library: Kiran Digest February 2011 Online Reading.,https://kutablibrary.blogspot.com/2015/12/kiran-digest-february-2011-online.html
"Read Urdu Books Online: Download Free PDF Urdu Books, Best Urdu Novels, Islamic Books, and Current Affairs Books",https://bookmaza.com/
All Urdu PDF Novels,https://allurdupdfnovel.blogspot.com/
PDF Books Hub - The World&#39;s Largest Public Library of Free PDF Books | Your Blog Description,https://pdfbookshub.blogspot.com/
Urdu Kutab Khana PK,https://urdukutabkhanapk.blogspot.com/
Mohaddis-ŸÖÿ≠ÿØÿ´ | Hadees In Urdu,https://mohaddis.com/
Free Novels And Books,https://urdunovelist.blogspot.com/
Aakhari Mahraka By Naseem Hijazi - Historical Novel - Digital Library,https://www.pakistan.web.pk/threads/aakhari-mahraka-by-naseem-hijazi.43292/
Kutab Library,https://kutablibrary.blogspot.com/
Free Books Store | Your Blog Description,https://freepdfpost.blogspot.com/
Best Urdu Books - Latest Best Urdu Books Online,https://besturdubooks.pk/
Home - Urdu ki Dunya - Urdunya,https://urdunya.com/
Pakistani Urdu Books &amp; Novels | Turkish Dramas,https://www.paknovels.com/
Welcome To Urdu Books PDF Free Download: Zameeryat By Syed Zameer Jafri,https://urdu4free.blogspot.com/2013/01/zameeryat-by-syed-zameer-jafri_30.html
Welcome To Urdu Books PDF Free Download,https://urdu4free.blogspot.com/
Muft Books : Free Download PDF Books,https://muftbooks.blogspot.com/
Read Urdu Novels | Read urdu novels and enjoying,https://readurdubooks.wordpress.com/
Hot and Bold Urdu Novels (PDF) - Rasalay (ÿ±ÿ≥ÿßŸÑ€í),https://rasalay.com/
Best Social Romantic Urdu Novels by all time favourite famous urdu writers and novelists.,https://kitaabghar.org/dir/
Urdu Rasala A Place Of Urdu Stories And poetry,https://urdurasala.blogspot.com/
How To Add Related Posts Widget To Blogger with Thumbnails - Helplogger,https://helplogger.blogspot.com/2012/03/how-to-add-related-posts-widget-to.html
Top 16 Blogger Widgets. Free HTML Blogspot Gadgets 2023 - 2024,https://danteizm.blogspot.com/2020/06/blogger-widgets-2019-2020.html
Import Page Element,https://www.blogger.com/add-widget
How To Setup IdeasMag Blogger Template - Sora Blogging Tips,https://www.sorabloggingtips.com/2016/10/how-to-setup-ideasmag-blogger-template.html
"Sohni Digest Romantic Urdu Novels Collection, Urdu Stories PDF download",https://sohnidigest.com/
(2) The Best Urdu Novel you will ever read? - Quora,https://www.quora.com/The-Best-Urdu-Novel-you-will-ever-read
(2) Which are the top five Urdu novels in Pakistan written by Pakistani authors? - Quora,https://www.quora.com/Which-are-the-top-five-Urdu-novels-in-Pakistan-written-by-Pakistani-authors
(2) What is the best novel in Urdu for beginners? - Quora,https://www.quora.com/What-is-the-best-novel-in-Urdu-for-beginners
Urdu Novels Online - Urdu Novels Collection - Novels Bank,https://urdunovelsonlines.com/
Novel Bank - PDF Urdu Novels Download,https://novelbank.xyz/
Pdf Novels Bank,https://www.pdfnovelsbank.com/
Peshawar Library: Free Pdf Books,https://libraryofpeshawar.blogspot.com/
Novel Soul - Best Urdu Novels,https://novelsoul.com/
Marfat Library,http://marfat.com/
PakDigestNovel,https://broomsolutions.com/
Urdu Novels Plus,https://urdunovelsplus.blogspot.com/
Nemrah Ahmed,https://nemrahahmed1.blogspot.com/
NovelsClubb -,https://novelsclubb.com/
Advanced Random Posts Widget for Blogger 2020,https://probloggerplugins.blogspot.com/2017/12/random-posts-widget-for-blogger13.html
Random Posts Widget For Blogger,https://bloggerwidgets.github.io/random-posts/
"Technology Leisure | Best Blogger Tips, Blogging Gadgets And Design Tutorials",https://tekleisure.blogspot.com/
Add &quot;Thumbs Up&quot; Rating Widget To Blogger,https://www.mybloggertricks.com/2012/01/add-up-rating-widget-to-blogger.html
Free Download Urdu Novels: Aanchal Digest | Free Download Urdu Novels,https://urdunovelscool.blogspot.com/search/label/Aanchal%20Digest
Urdu Library Pk,https://urdulibrarypk.blogspot.com/
Minhaj Books Islamic Library,https://www.minhajbooks.com/en.php?lngid=2
DOWNLOAD FREE URDU BOOKS AND NOVELS,https://bookkorner.blogspot.com/
www.free-css.com,https://www.free-css.com/free-css-templates
[GET FREE] HTML5 Website Templates,https://hacksnation.com/d/11390-get-free-html5-website-templates
Urdu Novel Lovers,https://urdunovellovers.blogspot.com/
Digest Novels Lovers,https://digestnovelslovers.wordpress.com/
Facebook,https://www.facebook.com/1NadiaMajid1/
Khawateen Digest December 2023 Complete - Parhlo Pakistan,https://parhlo.com.pk/khawateen-digest-december-2023-complete/
Khawateen Digest Kahaniyan Online | UrduZone - Page 2,https://www.urduzone.net/tag/khawateen-digest-kahaniyan-online/page/2/
Home | Alif Adab,https://alifadab.com/
September 2023 ‚Äì Urdu Novels Universe,https://urdunovelsuniverse.com/2023/09/
Download Urdu Books Of Rekhta In PDF.,https://rekhtapk.blogspot.com/
URDU ADAB: Sugar Bank; a Fantastic Urdu Imran Series Novel by Ibn-e-Safi,https://urduadab4u.blogspot.com/2011/06/sugar-bank-fantastic-urdu-imran-series.html
Bhabhi by ismat chughtai | Rekhta,https://www.rekhta.org/ebooks/bhabhi-ismat-chughtai-ebooks
Urdu Books Library - Download Urdu Books for FREE!,https://urdubooksfree.blogspot.com/
Urdu Novel Bank | Download Urdu Novels PDF | Your Favorite Urdu Novels,https://urdunovelbank.pk/
ŸÜÿßŸàŸÑ ⁄ØŸÜÿß€Å ÿ≤ÿßÿØ€å ⁄©€å ÿßÿ® ÿ™⁄© ÿ™ŸÖÿßŸÖ ÿßŸÇÿ≥ÿßÿ∑ ⁄©ÿß ŸÑŸÜ⁄©... - NOor Rajpoot&#39;s Novels | Facebook,https://www.facebook.com/100037388331707/posts/384953416557813/
Novel Soul - Best Top Urdu Novels,https://www.novelsoul.me/
Image Background Remover | Remove BG from Image for Free,https://removal.ai/
Incidents | UptimeRobot,https://dashboard.uptimerobot.com/incidents
Think with Google: Marketing Research &amp; Digital Trends,https://www.thinkwithgoogle.com/intl/en-apac/
Adobe Express,https://new.express.adobe.com/tools/convert-to-svg?referrer=https%3A%2F%2Fwww.google.com%2F&url=%2Fexpress%2Ffeature%2Fimage%2Fconvert%2Fpng-to-svg&placement=columns-1&locale=en-US&contentRegion=us&%24web_only=true
How To Install The Latest Version Of JQuery On The Blogger Website? - TechyLeaf,https://www.techyleaf.in/install-latest-jquery-in-blogger/
Create Shortcode For Responsive HTML Tables!,https://www.mybloggertricks.com/2015/05/HTML-Table-Shortcodes.html
Shortcodes and Page Markups v2.0 - Sora Blogging Tips,https://www.sorabloggingtips.com/p/shortcodes-and-page-markups-v20.html
How To Setup SpotMag Blogger Template [Templateify] - Sora Blogging Tips,https://www.sorabloggingtips.com/2024/03/how-to-setup-spotmag-blogger-template.html
TheZeePDF,https://www.thezeepdf.com/
Gomato 3 - Bloggerunlocker | Blogger tutorials,https://bloggerunlocker.blogspot.com/2015/06/gomato-3-blogger-template.html
How to Add Numbered Pagination to Blogger,https://xomisse.com/blog/how-to-add-numbered-pagination-to-blogger/
Removing Blogger&#39;s Default CSS from the Theme code [New way] | Stylify Your Blog,https://www.stylifyyourblog.com/2017/04/renoving-bloggers-default-css-from-the-theme-code.html
20 Great Resources for Blogger Users | Stylify Your Blog,https://www.stylifyyourblog.com/2012/08/20-great-resources-for-blogger-users.html
Pagination Blogger Plugin 2020,https://probloggerplugins.blogspot.com/2018/01/pagination-numbered-page-navigation.html
70+ Blogger widgets List - Add gadgets on your Blogger website (free),https://elfsight.com/blogger-widgets/
Structure of Custom Blogger Themes - GeekThis,https://geekthis.net/post/structure-of-custom-blogger-themes/
Blogger-Template-Documentation/data-messages.md at master ¬∑ nikahmadz/Blogger-Template-Documentation ¬∑ GitHub,https://github.com/nikahmadz/Blogger-Template-Documentation/blob/master/data-messages.md
Popular Posts With Automatic Numbering - Bubbles!,https://www.mybloggertricks.com/2013/05/Popular-Posts-Widget-auto-numbering.html
50 Handpicked Blogger Plugins and Widgets!,https://www.mybloggertricks.com/2013/07/50-popular-blogger-widgets-and-plugins.html
Releasing Blogger Notification Bar!,https://www.mybloggertricks.com/2012/12/releasing-blogger-notification-bar.html
Color Variations For Fluid Text Resizer Widget,https://www.mybloggertricks.com/2011/10/color-variations-for-fluid-text-resizer.html
blogger-widgets-generator‚Äôs gists ¬∑ GitHub,https://gist.github.com/blogger-widgets-generator
Top List of Blogger Widgets,https://bloggerwidgets.github.io/
Widget Generator - ThemeREX - Best Free Tool to Display WP Themes,https://themerex.net/affiliates/widget-generator/
"Free, Fully Customizable Widgets for Blogger | Common Ninja",https://www.commoninja.com/platforms/blogger
Free Accordion widget for Blogger,https://www.commoninja.com/widgets/accordion/blogger
Widget Editor | Common Ninja,https://www.commoninja.com/contact-form/editor/content/
The Ultimate Guide to Creating Blogger Widgets,https://www.freshtechtips.com/2013/02/how-to-create-blogger-widget.html
Pk Library - Free download and read online Urdu books,https://www.book.pklibrary.com/
Create Dropdown menu for Labels widget,https://www.bloggersentral.com/2010/05/create-dropdown-menu-for-labels-widget.html
How to Create Labels Drop Down Menu In Blogger ~ My Blogger Lab,https://www.mybloggerlab.com/2016/07/how-to-create-labels-drop-down-menu-in-blogger.html
Jacq&#39;s Blogger Tips: How to create Dropdown Labels Menu in Blogger?,https://jacqsbloggertips.blogspot.com/2010/02/how-to-create-dropdown-labels-menu-in.html
Make any Blogger widget adopt the drop-down style menu of &quot;Archive&quot; and &quot;Labels&quot; in new Blogger themes,https://10wontips.blogspot.com/2018/04/make-any-blogger-widget-adopt-drop-down.html
Jacq&#39;s Blogger Tips: Add a personal signature to your blog posts,https://jacqsbloggertips.blogspot.com/2009/11/add-personal-signature-to-your-blog.html
Jacq&#39;s Blogger Tips: read more,https://jacqsbloggertips.blogspot.com/search/label/read%20more
Bookdunya | Best Urdu Books pdf | Best Urdu Novels,https://bookdunya.com/
Daily Urdu Books‚Ñ¢ | WhatsApp Channel,https://www.whatsapp.com/channel/0029VaCo85W9xVJi3jDXHF3R
Urdu Novels Center.,https://urdunovels12.blogspot.com/
Novel Aji Sunte Ho by Faiza Iftikhar,https://sachidosti.com/forum/showthread.php/186942-Aji-Sunte-Ho-by-Faiza-Iftikhar
Aah Written by Saira Raza ‚Ä£ Aesthetic Novels,https://aestheticnovels.online/aah-written-by-saira-raza/
"Aesthetic Novels ‚Ä£ Explore, Dream and Read",https://aestheticnovels.online/
New Tab,https://urdunovelsbank.com/sitemap.xml
Home - Best Urdu Novels,https://besturdunovels.com/
Novels By Rahat Jabeen - Urdu-Novels-Mag,https://www.urdunovelsmag.com/2024/01/novels-by-rahat-jabeen.html
Mala By Nemrah Ahmed Episode:20 - Novels Jahan,https://novelsjahan.com/2024/09/07/mala-by-nemrah-ahmed-episode20/
"ZNZ NOVELS - Ebook Novels, YT Novels, Digest Novels Free Available",https://zubinovelszone.in/
"ZNZ Library - This website will provide you with all the novels that you will not get from any other website such as eBook novels, YouTube novels in PDF and Wattpad and Instagram novels. Visit daily and support¬†us. Thank You",https://znzlibrary.com/
Funny Urdu Books ŸÖÿ≤ÿßÿ≠€å€Å ⁄©ÿ™ÿßÿ®€å⁄∫ - Read Humorous &amp; Mazah Books Online,https://www.urdupoint.com/books/category/humorous.html
Novels Ka Jahan ‚Äì Urdu Digest Novels,https://novelskajahan42.wordpress.com/
Download or Read PDF Books &amp; Novels Online for Free,https://booksonlinepdf.com/
Urdu Novels - Virtual Website for Urdu Novels,https://urdunovels.net/
Best Readers Library,https://bestreaderslibrary.blogspot.com/
Hafiz E Millat Ki Hadisi Khidmat By Molana Imran Madani Attari ÿ≠ÿßŸÅÿ∏ ŸÖŸÑÿ™ ⁄©€å ÿ≠ÿØ€åÿ´€å ÿÆÿØŸÖÿßÿ™ ÿßÿ≤ ŸÖŸàŸÑÿßŸÜÿß ÿπŸÖÿ±ÿßŸÜ ÿ±ÿ∂ÿß ŸÖÿØŸÜ€å ÿπÿ∑ÿßÿ±€å,https://www.ataunnabi.com/2024/12/hafiz-e-millat-ki-hadisi-khidmat-by.html
"PDF eBooks in Urdu English and Arabic, Download eBooks for free, Quran, Islam, Children",https://ebooks.rahnuma.org/literature.html
ŸÜÿßŸàŸÑ ‚Äì ÿßÿ±ÿØŸà,https://urdu.i360.pk/category/%d8%a7%d8%af%d8%a8/%d9%86%d8%a7%d9%88%d9%84/
ÿß€å⁄© Ÿæÿ±ŸàŸÅ€åÿ≥ÿ± ⁄©€å ÿ®ŸèŸÑÿ®ŸÑ Ÿæÿ± ÿ™ÿ≠ŸÇ€åŸÇ ‚Äì ÿßÿ±ÿØŸà,https://urdu.i360.pk/%d8%a7%db%8c%da%a9-%d9%be%d8%b1%d9%88%d9%81%db%8c%d8%b3%d8%b1-%da%a9%db%8c-%d8%a8%d9%8f%d9%84%d8%a8%d9%84-%d9%be%d8%b1-%d8%aa%d8%ad%d9%82%db%8c%d9%82/
Novel Archives - eBooksAll.Com,https://www.ebooksall.com/category/literature/novel/
Browse All Books - Jafri Library - World&#39;s Biggest Islamic Library,https://jafrilibrary.com/books/browse/all?startsWith=D
EBooks LAND,https://ebooksland.blogspot.com/
eBooksAll.Com - All ebooks are providing for research and information. We are not from or against any sect or group.,https://www.ebooksall.com/
Marfat Library,http://marfat.com/BookDetailPage.aspx?bookId=340fbbaf-831d-4e6a-8f28-889ceee82a5d
Wasif Ali wasif,https://digitallibrary.punjab.gov.pk/collections/14bc9150-9579-443c-9d94-a0533ab4d2ee
Kutab Khana,https://kutabkhana.blogspot.com/
novelslounge.com,http://novelslounge.com/
Novel Studio ‚Äì A Special Kind Of Treasure,https://novelstudiopk.com/
Sham Muskurany Lagi Writer Maryam Aziz ‚Ä£ Aesthetic Novels,https://aestheticnovels.online/sham-muskurany-lagi-writer-maryam-aziz/
ezreadings,https://ezreaderschoice.blogspot.com/
RAIKHTA,https://raikhtablog.blogspot.com/
Library of Free Urdu Books -,https://www.kitaabgala.com/
ezreaderschoice - Novels World,https://ezreaderschoice.com/
New Writers Urdu novel Library,https://www.newwriterslibrary.com/
"EMAANLIBRARY - Free Islamic Books, Audio &amp; Video Lectures",https://www.emaanlibrary.com/
Jahan-e-Tahqeeq,https://jahan-e-tahqeeq.com/index.php/jahan-e-tahqeeq
Urdu Stories: Read ÿßÿ±ÿØŸà ŸÇÿµ€í | Urdu Kahaniyan Online at Pratilipi,https://urdu.pratilipi.com/
Indian Languages Book Store Rekhtabooks | Buy all Indian Books Online at Best Prices,https://rekhtabooks.com/
URDU ADAB,https://urduadab4u.blogspot.com/?m=1
Home - Urdu Audio Novels,https://urduaudiotales.com/
Inzaar - Abu Yahya - Inzaar Website Urdu - ÿßŸÜÿ∞ÿßÿ± - ÿßÿØÿßÿ±€Å ÿ™ÿπŸÑ€åŸÖ Ÿà ÿßÿµŸÑÿßÿ≠,https://inzaar.pk/
Fyodor Dostoevsky l poor people l ÿ∞ŸÑÿ™Ÿà⁄∫ ⁄©€í ŸÖÿßÿ±€í ŸÑŸà⁄Ø l Part-4 Chapter-7,https://www.urduaudiobooks.com/2024/12/fyodor-dostoevsky-l-poor-people-l-l_20.html
ÿØŸÜ€åÿß ⁄©€å ÿ®€Åÿ™ÿ±€åŸÜ ÿØŸÑ⁄Üÿ≥Ÿæ ÿßŸàÿ± ŸÖÿπŸÑŸàŸÖÿßÿ™€å ⁄©ÿ™ÿ® ⁄©€í ÿßÿ±ÿØŸà ÿ™ÿ±ÿßÿ¨ŸÖ ÿßŸì⁄à€åŸà ÿßŸàÿ± Ÿπ€å⁄©ÿ≥Ÿπ,https://www.server555.com/
ÿØŸÜ€åÿß ⁄©€å ÿ®€Åÿ™ÿ±€åŸÜ ÿØŸÑ⁄Üÿ≥Ÿæ ÿßŸàÿ± ŸÖÿπŸÑŸàŸÖÿßÿ™€å ⁄©ÿ™ÿ® ⁄©€í ÿßÿ±ÿØŸà ÿ™ÿ±ÿßÿ¨ŸÖ ÿßŸì⁄à€åŸà ÿßŸàÿ± Ÿπ€å⁄©ÿ≥Ÿπ,https://server555.com/
Audiobook Voice Actors &amp; Narrators - Best Voice Overs | Voices,https://www.voices.com/voice-actors/category/audiobooks
Romantic Urdu Novels : PDF Download 100+ Most Romantic Urdu Novels | Urdu Nama Books Library :: ÿßÿ±ÿØŸàŸÜÿßŸÖ€Å ⁄©ÿ™ÿßÿ® ⁄Ø⁄æÿ± :: The Best Source for PDF Books Lovers,https://books.urdunama.org/romantic-urdu-novels/9/
Get No. 1 Professional Speech Writing Services English - Urdu Speech Writing on any Topic | Urdu Nama Books Library :: ÿßÿ±ÿØŸàŸÜÿßŸÖ€Å ⁄©ÿ™ÿßÿ® ⁄Ø⁄æÿ± :: The Best Source for PDF Books Lovers,https://books.urdunama.org/professional-urdu-speech-writing-services/
ÿßÿ±ÿØŸà ÿßŸÜ Ÿæ€åÿ¨ - ÿßÿ±ÿØŸàŸÜÿßŸÖ€Å ŸÅŸàÿ±ŸÖ,https://urdunama.org/forum/viewtopic.php?p=203875&sid=06f06e6e19bdf58a35e1e8be36bb8e01#p203875
Best Urdu Books,https://besturdubooks.net/
URDU NOVELS ‚Äì ADABI NOVEL OFFICIAL,https://adabinovelofficial.com/
Urdu Novels in PDF | Digest | Magazine | Poetry Books | Kids Stories | Desi Kahani,https://urdunovelslab.blogspot.com/
DIL KI DUNYA,https://dil-kidunya.blogspot.com/
Readdersden,https://readdersden.blogspot.com/
ŸÑÿ®ÿßÿ≥ ‚Äî ÿ≠ÿ±€åŸÖ ÿßŸÑ€åÿßÿ≥ ‚Äì Alif Kitab,https://alifkitab.com/%d9%84%d8%a8%d8%a7%d8%b3-%d8%ad%d8%b1%db%8c%d9%85-%d8%a7%d9%84%db%8c%d8%a7%d8%b3/
Best Urdu Novels Read Online &amp; Pdf download,https://urdunovelsworld.com/
Urdu Novels Universe ‚Äì A Universe of Endless Stories Awaits You,https://urdunovelsuniverse.com/
Free Novels And Books,http://urdunovelist.blogspot.com/
Latest Complete Best¬†Urdu Novels Read &amp;Download PDF,https://novels.com.pk/
Trending in Pakistan,https://pdfstuff.blogspot.com/
Free Urdu Digests And Romantic Urdu Novels | Your Blog Description,https://romanticurdunovel.blogspot.com/
Readdersden,http://readdersden.blogspot.com/
PDF BookCity,https://pdfbookcity.blogspot.com/
Urdu Novel Bank,https://www.urdunovelbank.com/
Novel Shine,https://novelshine.blogspot.com/
PRIME ONLINE NOVELS,https://primeonlinenovels.blogspot.com/
Novel PDF - Read Urdu Novels Online &amp; Download PDF,https://novelpdf.online/
Tedhi Lakeer pdf Download | Urdu Notes | ŸÜÿßŸàŸÑ Ÿπ€å⁄ë⁄æ€å ŸÑ⁄©€åÿ± pdf,https://urdunotes.com/lesson/tedhi-lakeer-pdf-download-%d9%86%d8%a7%d9%88%d9%84-%d9%b9%db%8c%da%91%da%be%db%8c-%d9%84%da%a9%db%8c%d8%b1-pdf/
Tania Tahir Writes,https://taniatahir.blogspot.com/
Kitab Ghar Best Romantic Urdu Novels Stories Poetry pdf download free books,https://kitaabghar.org/#
Make One Smile,https://makeonesmile.blogspot.com/
Home | UrduZone | Online Urdu Library,https://www.urduzone.net/
Best Social Romantic Urdu Novels by all time favourite famous urdu writers and novelists.,https://kitaabghar.net/dir/
URDU NOVELS PLATFORM,https://urdunovelsplatform.blogspot.com/
Urdu Manzil ÿßÿ±ÿØŸà ŸÖŸÜÿ≤ŸÑ,https://urdumanzil.com/index.html
free online reading,https://reading2k16.blogspot.com/
Free Urdu Digests,https://freeurdudigest.blogspot.com/
AFSANA,https://pakafsana.blogspot.com/
Books Bank,https://booksbankpk.blogspot.com/
Kutubistan - Download Free Urdu Books and Novels,https://kutubistan.blogspot.com/
Urdu Novels in pdf Free Download The Best Urdu Novel Website,https://magazine.kitabdost.com/
‚Ä´ÿß€å⁄© ÿ≥Ÿà ÿßÿ±ÿØŸà ŸÜÿßŸàŸÑ‚Ä¨‚Äé - Google Drive,https://drive.google.com/drive/folders/1v18tpN5Lsuk1SUrG8atw8Uv-pNehOWvl?sfnsn=scwspwa&fbclid=IwY2xjawI9SrRleHRuA2FlbQIxMQABHUo4TKdgAciGTtL7RXDqD3_2hPokREDhuonqD4TB6U-vYS6eOchgPYz4_w_aem_wyLtDDVrhCcVPryXF0Ah9w
"Best Urdu Novel Book | Read Online, Download PDF &amp; Buy Now",https://urdunovelbook.com/
Prime Urdu Novels | Free Pdf Library,https://primeurdunovels.com/
Novelskidunya (NKD) - We Are Here Representing You Best Urdu NOvels,https://novelskidunya.com/
Novel Mania ‚Äì The Best Novels,https://urdunovelsmania.com/
trending news ¬´ Shaheen E Books,https://shaheenebooks.com/
--------Urdu Virsa Books,https://urduvirsa.blogspot.com/
Free Urdu Digests And Romantic Urdu Novels: Afsanay | Your Blog Description,https://romanticurdunovel.blogspot.com/search/label/Afsanay
Download Free Kiran Digest September 2019,https://view.seemydocs.online/en/document/426599511/Kiran-Digest-September-2019
Urdu Soft Books: Well-researched and Best Quality Trending Articles | Famous Urdu Books and Novels: Khawateen Digest,https://www.urdusoftbooks.com/search/label/Khawateen%20Digest
Free English and urdu Books Download,https://onlinebooks10.blogspot.com/
Online Urdu Library Download Center,https://onlineurdulibrarydownloadcenter.blogspot.com/
mixinfotain.blogspot.com/sitemap.xml,https://mixinfotain.blogspot.com/sitemap.xml
Urdu Magazines All Issues Archive,https://magazine-urdu.blogspot.com/
Ankaboot By Noor Rajpoot - Novelskidunya (NKD),https://novelskidunya.com/ankaboot-by-noor-rajpoot/
"Pakistani Urdu Digest Khawateen , Shuaa , Kiran Pakeeza Digest Hina Digest",http://digestpdf.blogspot.com/
Reading Section: Khawateen Digest,https://cozyreadingsection.blogspot.com/search/label/Khawateen%20Digest
"Old Pakistani Urdu Digest, Khawateen Digest october 1993 ~ Pakistani Urdu Digest Khawateen , Shuaa , Kiran Pakeeza Digest Hina Digest",https://digestpdf.blogspot.com/2011/10/old-pakistani-urdu-digest-khawateen_1339.html
(1) Afsana name _Zindagi ko naveed do&quot;... - Digests Novels Lovers | Facebook,https://www.facebook.com/1NadiaMajid1/posts/afsana-name-_zindagi-ko-naveed-do-published-in-khawateen-digest-july-1995writer-/968221985329450/
(1) Request for novels &amp; all kind of reading stuff .. | #Old_Digest_novels...‚ù§Ô∏èüî• | Facebook,https://www.facebook.com/groups/1556636631244208/posts/2732323617008831/
Urdu Novels And Digests: Khawateen Digest,https://urdunovelsanddigests.blogspot.com/search/label/Khawateen%20Digest
Khawateen Digest May 1990 | PDF,https://www.scribd.com/document/356805068/Khawateen-Digest-May-1990
Khawateen Digest January 1992 | PDF,https://www.scribd.com/document/356803825/Khawateen-Digest-January-1992
Free Urdu Digests: DIGEST LIST,https://freeurdudigest.blogspot.com/p/digest-list_93.html
(1) Aq Sa | Facebook,https://www.facebook.com/groups/1556636631244208/user/100015398252759/
"12/01/2017 - 01/01/2018 | Free Urdu Books Downloading, Islamic Books, Novels",https://free-urdubook.blogspot.com/2017/12/
"Imran Digest November 2014 | Free Urdu Books Downloading, Islamic Books, Novels",https://free-urdubook.blogspot.com/2017/12/imran-digest-november-2014.html
Khawateen Digest Archives - Alif-Bay-Jeem,https://www.alifbayjeem.com/category/digests/complete-digest/khawateen-digest/
Reading Club Free Novels and Books: Khawateen Digest September 2008 Online Reading,https://readingclubpk.blogspot.com/2015/01/khawateen-digest-september-2008-online.html
ÿÆŸàÿßÿ™€åŸÜ ⁄àÿßÿ¶ÿ¨ÿ≥Ÿπ Author Profile | FlipHTML5 Publisher,https://fliphtml5.com/homepage/kemyj/%d8%ae%d9%88%d8%a7%d8%aa%db%8c%d9%86-%da%88%d8%a7%d8%a6%d8%ac%d8%b3%d9%b9/
Baazar Of Novels - Best Novels Of Urdu Adab Era,https://baazarofnovels.com/
Urdu Novels PDF | Your Blog Description,https://urdunovezpdf.blogspot.com/
DSpace Repository :: Home,https://digitallibrary.punjab.gov.pk/home
06. History &amp; Literature,https://digitallibrary.punjab.gov.pk/communities/1ab22e5e-6f3b-4d14-b92f-ab824ddd28fa
06. History &amp; Literature,https://digitallibrary.punjab.gov.pk/communities/1ab22e5e-6f3b-4d14-b92f-ab824ddd28fa?spc.page=9
ŸÜÿßŸàŸÑ ÿ¥ŸÜÿßÿ≥€å Archives - Adbi Miras,https://adbimiras.com/category/%d8%aa%d9%86%d9%82%db%8c%d8%af%d8%a7%d8%aa/%d9%81%da%a9%d8%b4%d9%86/%d9%86%d8%a7%d9%88%d9%84/
Urdu Novels Reading Center,http://urdunovelsreadingcenter.blogspot.com/
All Novels in One Place - Novelslibrary.pk,https://www.novelslibrary.pk/
"Nimra Ahmed Novels, Best Romantic Urdu Novels PDF Download",https://nimraahmednovels.com/
EZ Readings,https://ezreadings.blogspot.com/
Urdu Novels in pdf Free Download The Best Urdu Novel Website,https://kitabdost.com/
(3) Facebook,https://www.facebook.com/onlineurdunovels
Best of Urdu Novels in PDF - via Direct Download Links,https://novelsinpdf.com/
Amar Bail ‚Äì UA BOOKS ONLINE,https://uabooksonline.com/category/amar-bail/
"Free Pdf Books - Download free Urdu novels, Romantic novels ,Urdu fiction books , History books, History novels , Horror novels , Urdu poetry books ,Pashto Books, Pashto Poetry, Adventure novels , Jasoosi Novels, Purisrar Novels, Tanz o Mazah,Crime stories, Islamic Books, Islamic Wazaif in Urdu, Hadith Books,Cricket Books, English Books ,Novels",https://www.pdfbooksfree.org/
Aisa Kabhi Nahi Hota A Novel By Umaira Ahmad - Free Pdf Books,https://www.pdfbooksfree.org/2011/01/aisa-kabhi-nahi-hot-by-umaira-ahmad.html
"Novels Jahan.com - World of Urdu Novels, Digest Novels, Urdu Litreature,",https://novelsjahan.com/
Pakeeza Anchal | Rekhta,https://www.rekhta.org/emagazines/pakeeza-anchal
Jasoosi Digest ‚Äì SiyyahPosh | Sad Urdu Poetry,https://siyyahposh.com/category/digests/jasoosi-digest/
"Free Urdu Books Downloading, Islamic Books, Novels",https://free-urdubook.blogspot.com/
"Reading Corner- Huge collection of Urdu and English novels, novel pdf download, novel online reading",https://readingcornerpk.blogspot.com/
"Reading Corner- Huge collection of Urdu and English novels, novel pdf download, novel online reading",https://readingcornerpk.blogspot.com/search/label/Sayeda%20Tehmina%20Zohra
PKDigests | Free Download Urdu Novels PDF,http://pk-digest.blogspot.com/
Home - Alif-Bay-Jeem,https://www.alifbayjeem.com/
Urdu Novelians,https://www.urdunovelians.com/
"whatsapp - photo, image, picture - 4shared - free file sharing and storage",https://www.4shared.com/web/q?query=whatsapp&category=3
4shared - free file sharing and storage,https://www.4shared.com/
Facebook,https://www.facebook.com/profile.php?id=100064347295358
Welcome to Open Library | Open Library,https://openlibrary.org/
Novels and Digests,https://digestnovel.blogspot.com/
"Abracadabra (2015, Urdu) ‚Äì KHAJISTAN‚Ñ¢",https://khajistan.com/products/abracadabra-2015-urdu?variant=46322710413526
Khawateen Digest | ii85 - Urdu Novels &amp; Stories,https://ii85.wordpress.com/tag/khawateen-digest/
Full-text Search Results | HathiTrust Digital Library,https://babel.hathitrust.org/cgi/ls?q1=allama+iqbal&field1=ocr&a=srchls&ft=ft&lmt=ft
Urdu Writers - Super Urdu Mom,https://urdumom.com/urdu/urdu-writers/
Tahqeeq-o-Tajzia,https://tahqeeqotajzia.com/index.php/tot/index
Urdu Novalists,https://www.urdunovalists.com/
Free Urdu Novel Plots,https://urdunovelplot.blogspot.com/
Urdu Novel Lovers,https://urdunovellovers.blogspot.com/?m=0
Cute Books Club,https://cutebooksclub.blogspot.com/
Fantasy world of readers,https://fantasyworldofreaders.blogspot.com/
Qitabia,https://preacherofislam.blogspot.com/
Qitabia : URDU NOVEL,https://preacherofislam.blogspot.com/2013/02/urdu-novel.html
Free Books Store: URDU ADAB | Your Blog Description,https://freepdfpost.blogspot.com/search/label/URDU%20ADAB
draslamfaroquiurdublog,https://draslamfaroquiurdublog.blogspot.com/
MUHAMMAD ZAKRIA SHAH (R.A) ONLINE LIBRARY,https://mohiudinbooks.blogspot.com/
ÿØÿ¥ÿ™ ÿ≥Ÿàÿ≥ | MUHAMMAD ZAKRIA SHAH (R.A) ONLINE LIBRARY,https://mohiudinbooks.blogspot.com/2017/11/blog-post_18.html
ŸÇŸàŸÖ€å ⁄©ŸàŸÜÿ≥ŸÑ ÿ®ÿ±ÿßÿ¶€í ŸÅÿ±Ÿàÿ∫ ÿßÿ±ÿØŸà ÿ≤ÿ®ÿßŸÜÿå Ÿàÿ≤ÿßÿ±ÿ™ ÿ™ÿπŸÑ€åŸÖÿå ÿ≠⁄©ŸàŸÖÿ™ €ÅŸÜÿØÿå ŸÜÿ¶€å ÿØ€ÅŸÑ€å: ŸÜŸàŸÖÿ®ÿ± 2015,https://ncpulblog.blogspot.com/2015/11/
ŸÇŸàŸÖ€å ⁄©ŸàŸÜÿ≥ŸÑ ÿ®ÿ±ÿßÿ¶€í ŸÅÿ±Ÿàÿ∫ ÿßÿ±ÿØŸà ÿ≤ÿ®ÿßŸÜÿå Ÿàÿ≤ÿßÿ±ÿ™ ÿ™ÿπŸÑ€åŸÖÿå ÿ≠⁄©ŸàŸÖÿ™ €ÅŸÜÿØÿå ŸÜÿ¶€å ÿØ€ÅŸÑ€å,https://ncpulblog.blogspot.com/
Urdu Novalists,https://www.urdunovalists.com/?utm_source=chatgpt.com
Roshni Publication,https://roshnipublication.blogspot.com/
"Urdu Sphere: Language, Literature, Learning ⁄æŸÜÿØŸàÿ≥ÿ™ÿßŸÜ ÿ≥€í ÿß€å⁄© ÿßÿ±ÿØŸà ÿ®ŸÑÿß⁄Ø",https://urdusphere.blogspot.com/
Urdu Novels,https://urdunovelsiteandworld.blogspot.com/
Best Urdu Books &amp; Novels PDF Free Download &amp; Read,https://urdubookbest.blogspot.com/
Urdu Novels,https://urduraj.blogspot.com/
Free PDF Urdu Books,https://urduvilla.blogspot.com/
"PDF Stuff - Urdu Books, English Books, Urdu Novels",https://pdfstuff-urdu.blogspot.com/
URDU DARASGAH | ÿßÿ±ÿØŸà ÿ±ÿØÿ≥⁄Øÿß€Å,https://urdudarasgah.blogspot.com/
PakDigestsNovel,https://pakdigestsnovel.blogspot.com/
Urdu Books Forever A Large Collection of Pdf Urdu Books,https://urdubooksforever.blogspot.com/
Pdf urdu,https://fileurdu.blogspot.com/
Pdf urdu: URDU NOVEL,https://fileurdu.blogspot.com/search/label/URDU%20NOVEL
Urdu Novels Books PDF Collection,https://urdunovelcollection.blogspot.com/
Urdu Kahani In Urdu Font | Urdu Novels Latest,https://urdukahaniyaan.blogspot.com/
Book Store,https://bookscon.blogspot.com/
ÿßÿ±ÿØŸà ⁄©€ÅÿßŸÜ€åÿß⁄∫ | ÿ™ŸÖÿßŸÖ ÿßÿ±ÿØŸà ŸÜÿßŸàŸÑÿ≤ €å€Åÿß⁄∫ ÿ≥€í ⁄àÿßÿ§ŸÜ ŸÑŸà⁄à ⁄©ÿ±€å⁄∫,https://sublimegate.blogspot.com/p/urdu-novels-pdf.html
Pakistani Urdu Novels,https://pakistaniurdunovels.blogspot.com/
URDU BOOKS &amp; NOVELS,https://urdubooksnovelpk.blogspot.com/
Urdu Quotes Paradise,https://urduquotesparadise.blogspot.com/
KoH Novels Urdu,https://kohnovelsurdu.blogspot.com/
Bookzonia,https://bookzonia.blogspot.com/
urdu novel,https://urdubooks3.blogspot.com/
online urdu books,https://onlineurdubooks.blogspot.com/
Namal by Nimra Ahmed Complete Urdu Novel Pdf Free Download Full Urdu Novel,https://umeraahmedurdunovels.blogspot.com/2020/06/namal-by-nimra-ahmed-complete-urdu.html
Books Library,https://pdfboox.blogspot.com/
Utho Jago Pakistan,https://utho-jago-pakistan.blogspot.com/
Free Urdu Novels | Urdu Stories | Urdu Books |Romantic stories Urdu Roman Stories - Desi Stories : January 2016,https://justurdunovels.blogspot.com/2016/01/
Urdu Translation of Good Bye Mr.Chips (James Hilton),https://ahmadpubliclibrary.blogspot.com/2015/01/urdu-translation-of-good-bye-mrchips.html
Free PDF Urdu Books,https://urducafe.blogspot.com/
Urdu -Novel-in-Texts ~ AnarkaliChat,https://anarkalilover.blogspot.com/p/urdu-novel-in-texts.html
Free Download Urdu Novels and Digest in PDF,https://apdfland.blogspot.com/
Ghazalistan - A Garden of Urdu Ghazals,https://ghazalistan.blogspot.com/
Urdu PDF Books,https://booksbusterpdf.blogspot.com/
Siberia Ka Toofan By Aslam Rahi MA Urdu Novel Free Download PDF,https://urdubookspdfblog.blogspot.com/2019/07/siberia-ka-toofan-by-aslam-rahi-ma-urdu.html
Best Romantic Urdu Novels &amp; Paid E books in PDF,https://besturdunovel.com/
Color of Books Premium | Ocean of Books,https://colorofbooks.com/
Urdu Novels - Crazy Fans of Novels - Readers Are Leaders,https://crazyfansofnovel.com/
dn790009.ca.archive.org/0/items/KhawateenDigestJuly2017_201707/Khawateen Digest July 2017.pdf,https://dn790009.ca.archive.org/0/items/KhawateenDigestJuly2017_201707/Khawateen%20Digest%20July%202017.pdf
dn720703.ca.archive.org/0/items/KhawateenDigestJune2015/Khawateen_Digest_June_2015_Paksociety_com.pdf,https://dn720703.ca.archive.org/0/items/KhawateenDigestJune2015/Khawateen_Digest_June_2015_Paksociety_com.pdf
dn790000.ca.archive.org/0/items/KhawateenDigestSeptember2015/Khawateen_Digest_September_2015_Paksociety_com.pdf,https://dn790000.ca.archive.org/0/items/KhawateenDigestSeptember2015/Khawateen_Digest_September_2015_Paksociety_com.pdf
"Khawateen Digest March 2015 : Free Download, Borrow, and Streaming : Internet Archive",https://archive.org/details/KhawateenDigestMarch2015
archive.org,https://archive.org/details/Khawateen-Digest-December-2017
"Khawateen Digest June 2018 : www.urdusoftbooks.com : Free Download, Borrow, and Streaming : Internet Archive",https://archive.org/details/khawateen-digest-june-2018
Khwateen digest June 2019 .pdf - Google Drive,https://drive.google.com/file/d/1pd0aqpi2SMFwCxyK0o68vMg5yLTaiGLU/view
Khwateen digest March 2020.pdf - Google Drive,https://drive.google.com/file/d/1bcQBc27btF3fzOThpXGLuhSdt-x7IoEM/view
Kiran Digest September 2013 PDF ~ EdigestPK,https://edigestpk.blogspot.com/2013/09/kiran-digest-september-2013-pdf.html
Urdu Novels ‚Äì Free Urdu novels download in PDF,https://urdunovels.home.blog/
Home - Novelistan,https://novelistan.pk/
Afsanay (short urdu stories) - Urduz Web Digest,https://urduz.com/category/afsanay-short-urdu-stories/#google_vignette
Home ¬ª Kutub Nagri,https://kutubnagri.com/
Reading Section,https://cozyreadingsection.blogspot.com/
Iqbal Cyber Library | Home,https://iqbalcyberlibrary.net/
AlifLaila Kids Digital Library: Explore hundreds of Kids Books &amp; More,https://aliflaila.app/
Classic Urdu Material ‚Äì Best Urdu Reading Material,https://classicurdumaterial.com/
drive.google.com/file/d/0B4jlO_suHjbzMmczU0t1NFZPdkk/edit?resourcekey=0-aXoAKnf7FiFdihqO6g2hSA,https://drive.google.com/file/d/0B4jlO_suHjbzMmczU0t1NFZPdkk/edit?resourcekey=0-aXoAKnf7FiFdihqO6g2hSA
trr ‚Äì Google Drive,https://drive.google.com/drive/folders/1FkakpYNQjcP2foC2tIn_3p7V_usIno-a?referrer=grok.com
urdu novels ‚Äì Google Drive,https://drive.google.com/drive/folders/1hYNGQyz2rbsYRhY0qvMnhgq4oTptxcya?referrer=grok.com
"Internet Archive: Digital Library of Free &amp; Borrowable Texts, Movies, Music &amp; Wayback Machine",https://archive.org/details/booksbylanguage_urdu?referrer=grok.com&page=3
Folder - Google Drive,https://drive.google.com/drive/folders/10MvqG0N-Hhwjrvdu2bfd0Lu13lyug8us?referrer=grok.com
ŸÖÿ≠ŸÜÿ™ ⁄©ÿßŸÖ€åÿßÿ®€å ⁄©ÿß ÿ∂ÿßŸÖŸÜ,https://urduliterature.online/
Free Download Urdu Novels | Free Download Urdu Novels,https://urdunovelscool.blogspot.com/
Novel Bazar | Best Urdu Novels Download in PDF | Read Online,https://novelbazar.com/
Novels By Farhat Ishtiaq,https://novelsbyfarhatishtiaq.blogspot.com/
PDF Books Reader,https://pdfbooksreader.blogspot.com/
Aye Muzda e Mohabbat by Humaira Nousheen pdf | Free Urdu Digests And Romantic Urdu Novels,https://romanticurdunovel.blogspot.com/2018/02/aye-muzda-e-mohabbat-by-humaira.html
Pak Digest Novels PDF Free Download,https://pakdigestnovels.blogspot.com/
Novel Villa ‚Äì Complete Urdu Novels Library,https://novelvillapoint.blogspot.com/
Shobywood,https://shobywood.blogspot.com/
Urdu Story Books,https://urdustorybook.blogspot.com/
Islami Urdu Book,https://islamiurdubook.blogspot.com/
Urdu Novilians,https://urdunovilians.blogspot.com/
Writing Palace | Where your journey begins,https://writingpalace4.blogspot.com/
Online Best Urdu Novels Corner,https://onlineurdunovelss.blogspot.com/
Riaz Aqib Kohlar Novels,https://riazaqibkohlar.blogspot.com/
Urdu Novels,https://urduview.blogspot.com/
The E-Portal - Urdu Novels,https://the-e-portal.blogspot.com/
ÿßŸèÿ±ÿØŸà ⁄©ÿ™ÿßÿ®€å⁄∫ ÿßŸàÿ± ŸÜÿßŸàŸÑÿ≤,https://urdubooksandnovels.blogspot.com/
URDU NOVELS &amp; BOOKS | Your Blog Description,https://freeurdunovelsbooks.blogspot.com/
PDF Urdu Books,https://traningblogger.blogspot.com/
Urdu Novel For you,https://urdunovel4u.blogspot.com/
Wani Based Novel,https://wanibasednovel.blogspot.com/
Urdu Books Novels PDF Free Download,https://paknovelspk.blogspot.com/
Download and Read Novels Online,https://urdudb.blogspot.com/
Famous Urdu Novels | Umera Ahmed Novels | Romantic Urdu Novels | read online urdu novels,https://readonlineurdunovels.blogspot.com/
Free Pakistani Urdu Novel Books Blog,https://urdupakistaninovel.blogspot.com/
Free Islamic PDF,https://freekitabistan.blogspot.com/
Pdf Books and Videos: 2022,https://ourworldsuperone.blogspot.com/2022/
Best Urdu Books PDF Free,https://besturdubooks1.blogspot.com/
NovalStock Urdu Novel Library | Free Online Reading &amp; Downloads,https://www.novalstock.com/
Sebt | Free Urdu Novels and Poetry,https://sebt.pk/
Poetry by Poets | Search poets | Pak Social Web,https://paksocialweb.com/poetry/poet/
BEST URDU NOVELS PDF | TOP URDU ROMANTIC NOVELS,https://novelsnagri.com/
Novels Hub | Where Stories Live,https://novelshub.pk/
Kitab Nagri Urdu Novels Read Online &amp; Download PDF,https://kitab-nagri.pk/
Kitab Nagri Urdu Novels PDF: Read &amp; Download Novels,https://kitabnagri.xyz/
4shared - ALLAMA PARWEZ bOOKS by ADIL M.,https://www.4shared.com/folder/4t4_cx7J/ALLAMA_PARWEZ_bOOKS.html?fbclid=IwY2xjawPizrVleHRuA2FlbQIxMABicmlkETFRWnZ1WWlKaEtsWkc2aVQ2c3J0YwZhcHBfaWQQMjIyMDM5MTc4ODIwMDg5MgABHmth9R0se8sLQ3onl9Wu4Q2osHPefBawFtgVhVg2-Xt1350m6LJSHN9x9OxT_aem_Ri7XWTJAhrujfCtkx55mEg
Home | Book Nagri,https://booknagri.com/
Wardah Shakir | Facebook,https://www.facebook.com/groups/1876886402541884/user/1080990701/
ÿ±€å⁄à€åŸà ÿ≥ŸÜŸÜÿß,https://www.rekhta.org/tanz-o-mazah/radio-sunna-chiragh-hasan-hasrat-tanz-o-mazah?lang=ur
Digest Post OK - Colab,https://colab.research.google.com/drive/1Cdc-aQ7_QeF1q-mrr-bQPd3obIXcJ69n?usp=sharing#scrollTo=NzfpHVNlUdx1
Warasat - Ÿàÿ±ÿßÿ´ÿ™,https://www.linkshop.pk/fatima-malik/warasat
Ik Gharonda Baraf ka by Razia Jameelpaknovels.comhttps://www.paknovels.com ‚Ä∫ Afsanvi Novels,https://www.paknovels.com/2014/01/ik-gharonda-baraf-ka-by-razia-jameel.html
"2024&#39;s Best WordPress Themes, Templates &amp; Plugins By ThemeHunk",https://themehunk.com/
haleema sadia,https://draft.blogger.com/blog/posts/6060373960762107183?q=label%3A%22Haleema%20Sadia%20Novels%22
venom writes,https://draft.blogger.com/blog/posts/6060373960762107183?q=label%3A%22Venom%20Writes%22
velutha,https://draft.blogger.com/blog/posts/6060373960762107183?q=label%3A%22Rabia%20khan%22
tamseel,https://draft.blogger.com/blog/posts/6060373960762107183?q=label%3A%22Ayesha%20Hussain%22
"bharam , baqa, batil",https://draft.blogger.com/blog/posts/6060373960762107183?q=label%3A%22Mehrunisa%20shahmeer%20novels%22
araf,https://draft.blogger.com/blog/posts/6060373960762107183?q=label%3A%22Mariyam%20Nazim%22
jazim hateem,https://www.blogger.com/blog/posts/6060373960762107183?q=label%3A%22Jazim%20Hateem%22
Qafas by Haleema Sadia Complete pdf - ezreaderschoice,https://ezreaderschoice.com/qafas-by-haleema-sadia-complete-pdf/amp/
nahal,https://www.blogger.com/blog/posts/6060373960762107183?q=label%3A%22Download%20Nimra%20Sajjad%20All%20Novels%22
sheerain a ghazi novle,https://www.blogger.com/blog/posts/6060373960762107183?q=label%3A%22Shreen%20A%20Ghazi%22
Blogger: Posts,https://www.blogger.com/blog/posts/6060373960762107183?q=label%3A%22Tayyaba%20Imran%20Novels%22
ibtihal,https://www.blogger.com/blog/posts/6060373960762107183?q=label%3A%22Husna%20hussain%22
(1 unread) - Inbox - Zoho Mail (contact@urdunovelbanks.com),https://mail.zoho.com/zm/#mail
Telegram Web,https://web.telegram.org/k/
(5) Facebook,https://www.facebook.com/profile.php?id=100090906471153
Blogger: Posts,https://www.blogger.com/blog/posts/6060373960762107183
Channel analytics - YouTube Studio,https://studio.youtube.com/channel/UC9QUvaen12xQfY2HT14H7qw/analytics/tab-overview/period-default
urdu fiction bank.ipynb - Colab,https://colab.research.google.com/drive/184X5nq1kJHoXoCmgb1jlMG6yQUBiNSip
urdunovelbanks,https://www.blogger.com/blog/posts/2545192538271177640
Pinterest,https://www.pinterest.com/business/hub/
Contact Information - Google Forms,https://docs.google.com/forms/d/1Y_33wZ5rfufdptEfZWc8hrF1reWdqHTO0QkYSLc7ngo/edit
Remove Watermark from Video - Erase Logos &amp; Dates for Free,https://online-video-cutter.com/remove-logo
Snappa,https://snappa.com/app/graphic/80153d40-2d17-4811-9237-fb1bee726510
Free and customizable YouTube thumbnail templates | Canva,https://www.canva.com/youtube-thumbnails/templates/
Sora Ribbon,https://sora-ribbon-soratemplates.blogspot.com/
SeoHub,https://seo-hub-way2themes.blogspot.com/
Duos Mag,https://duosmag-bt9.blogspot.com/
Top 17 Amazing Responsive Blogger Templates 2022 [Professional Mobile-Friendly Themes],https://www.problogbooster.com/2014/11/responsive-blogger-templates-free-premium-best-download-professional-simple-themes.html
Baseball Logo Creation - Freelance Design Job on Dribbble,https://dribbble.com/freelance-jobs/367623
Change Background Color in PDF (Free &amp; Online) - PDF2everthing,https://www.pdf2everything.com/pdfbackcolor/
Paraphrasing Tool | QuillBot AI,https://quillbot.com/
Top 10 Voice Changer Apps Male to Female in 2022 [Powerful &amp; Funny],https://filmora.wondershare.com/audio-editor/best-male-to-female-voice-changer-apps.html
Aab E Hayat Novel By Umera Ahmed PDF Download - Urdu Readings,https://urdureadings.com/aab-e-hayat-novel-by-umera-ahmed/
Jannat ke Pattay Novel Story In Urdu | Urdu Notes | ŸÜÿßŸàŸÑ ÿ¨ŸÜÿ™ ⁄©€í Ÿæÿ™€í ⁄©ÿß ÿÆŸÑÿßÿµ€Å,https://urdunotes.com/lesson/jannat-ke-pattay-novel-story-in-urdu-%D9%86%D8%A7%D9%88%D9%84-%D8%AC%D9%86%D8%AA-%DA%A9%DB%92-%D9%BE%D8%AA%DB%92-%DA%A9%D8%A7-%D8%AE%D9%84%D8%A7%D8%B5%DB%81/
Free Urdu Books in PDF Format: Books by Ashfaq Ahmed,https://hibuddiez.blogspot.com/2015/06/books-by-ashfaq-ahmed.html
Umera Ahmed - List of 99 novels by Umera Ahmed ~ BooksPk,https://www.bookspk.site/writer/umera-ahmed
Upload Image to Enlarge &amp; Enhance | Upscale.media,https://www.upscale.media/upload
Compress Image To 20KB Online - Reduce Size Free,https://imagecompressor.11zon.com/en/image-compressor/compress-image-to-20kb-online.php
Analytics,https://analytics.google.com/analytics/web/provision/#/provision/create
hhj,https://startuppakistan.com.pk/nimra-ahmed-novels-everything-that-you-need-to-know-about-the-author-and-novels/
Kitab Dost: Bas ik dagh e nadamat by Umera Ahmed Online Reading.,https://kitabdostpk.blogspot.com/2013/11/bas-ik-dagh-e-nidamat-by-umera-ahmed.html?m=0
Jannat Kay Pattay ( ÿ¨ŸÜÿ™ ⁄©€í Ÿæÿ™€í ) By Nimrah Ahmed - Online Book Shop,https://www.onlinebookshop.pk/product/jannat-kay-pattay-%D8%AC%D9%86%D8%AA-%DA%A9%DB%92-%D9%BE%D8%AA%DB%92-by-nimrah-ahmed/
Jannat k Pattay by Nimra Ahmed price in Pakistan - Telemart Pakistan,https://www.telemart.pk/jannat-k-pattay-by-nimra-ahmed-in-pakistan.html
Jannat Ke Patte Hb Price In Pakistan - Homeshopping,https://homeshopping.pk/products/Jannat-Ke-Patte-Hb-Price-In-Pakistan.html
Jannat Ke Patte Hb Price In Pakistan - Homeshopping,https://homeshopping.pk/products/Jannat-Ke-Patte-Hb-Price-In-Pakistan.html?
Conversion Result for 34d91f3593a3f4cb283d32ee1145c039e1,https://www.onlineconverter.com/convert/34d91f3593a3f4cb283d32ee1145c039e1
"Merge Images to Video, image sequence to video - Online Converter",https://www.onlineconverter.com/merge-images-to-video
"Add Audio to Video, add or replace background music in video - Online Converter",https://www.onlineconverter.com/add-audio-to-video
URL Shortener - Short URLs &amp; Custom Free Link Shortener | Bitly,https://bitly.com/
Nemrah Ahmed : FAQs,https://nemrahahmed1.blogspot.com/p/faqs.html
Nemrah Ahmed Interview ‚Äì CaretoFun,https://www.caretofun.net/nemrah-ahmed-interview/
Nemrah Ahmed Niazi biography - Google Search,https://www.google.com/search?rlz=1C1YTUH_enPK1016PK1016&sxsrf=ALiCzsbpDL21gCi4yGO0rXbfRu1fbfmOYQ:1661145036764&q=Nemrah+Ahmed+Niazi+biography&sa=X&ved=2ahUKEwjgt9i-19n5AhURRBoKHZqiBsEQ1QJ6BAgbEAE&biw=1120&bih=699&dpr=1.25
digital cleanup day pinterest pin - Pinterest Pin,https://www.canva.com/design/DAFKEG6LqCg/NP_TNR7OaP-dZfwejuU37g/edit?layoutQuery=pinterest+pin+%281000+%C3%97+1500+px%29
Kis Jahan Ka Zar Liya By Umera Ahmed Urdu Novel (com.ahsanahmed.kis.jahan.ka.zar.liya.by.umera.ahmed.umaira.ahmad.urdu.novel) - 1.0.0.1 - Application - APKsPC,https://apkspc.com/App/com.ahsanahmed.kis.jahan.ka.zar.liya.by.umera.ahmed.umaira.ahmad.urdu.novel/
Youtube Tag Generator | Extract The Tags From a Youtube Video,https://ytubetool.com/
"The AnswerBank - post questions and answers, and discuss topics of interest.",https://www.theanswerbank.co.uk/
Brown Minimalist Diet Tips Pinterest Pin - Pinterest Pin,https://www.canva.com/design/DAFI-iICnwo/w2oNyF_OkLZy6OHy-vq_qQ/edit
,https://en.everybodywiki.com/Nemrah_Ahmad
Ibn e Safi Imran Series Complete Collection in PDF,https://www.zemtime.com/ibn-e-safi-imran-series-complete-collection-in-pdf/
Mala Episode 9 | Nimra Ahmad | Free Download &amp; Read Online,https://www.zemtime.com/mala-episode-9-nimra-ahmad/
urdunovelbanc.blogspot.com - Pinterest Pin,https://www.canva.com/design/DAFKV_y6Img/jknXT0m2BCVP44wn8eSxpg/edit
"Nimra Ahmed Writer Pics, Biography, Wiki - celebrity news | entertainment news",https://celebritynews.pk/nimra-ahmed/
Surprise by Umera Ahmed Urdu Novel PDF Free Download Or Read Online,https://webswhat.blogspot.com/2020/09/novel-surprise-umera-ahmed-pdf-download.html
Nimra - Pinterest Pin,https://www.canva.com/design/DAFKKMhDbkg/NMdteiEftSvYUEkee5Ji4w/edit
Sharing Caring Symbol Businessman Turns Wooden Stock Photo 1976364737 | Shutterstock,https://www.shutterstock.com/image-photo/sharing-caring-symbol-businessman-turns-wooden-1976364737
Online Graphic Designer | Collage Maker | Photo Editor ‚Äì FotoJet,https://www.fotojet.com/apps/?entry=collage&category=photo-grid
Privacy error,https://zanjabeelbookstore.com/collections/novels-by-nemrah-ahmed/main-anmol
www.picuki.com,https://www.picuki.com/tag/nemrahahmed
YouTube Creator Studio,https://studio.youtube.com/
"YouTube Video Downloader - Download MP3, MP4 from YouTube | Y2mate.com",https://www.y2mate.com/download-youtube/PkZ9tJ-pN2I
"Remove Logo from Video - Erase Watermarks, Images and Dates for Free",https://online-video-cutter.com/remove-logo
Online Urdu Editor - Online urdu typing inpage - urdu to png online,https://urdu-editor.blogspot.com/
Kapwing ‚Äî Edit Video and Create Content Online,https://www.kapwing.com/studio/editor
https://www.pinterest.com/business/hub/,https://www.pinterest.com/business/hub/
Cut and Download Youtube Videos,https://ytcutter.com/
Google Drive,https://drive.google.com/drive/my-drive
YouTube Downloader - Download Youtube videos for free!,https://en.savefrom.net/1-youtube-video-downloader-24/
Moments,https://app.animaker.com/moments#
Video Editor,https://www.renderforest.com/project/new-953/start
Video maker by Vimeo | FREE Marketing &amp; Social Media Video Templates,https://vimeo.com/create/templates?signup=true#
Video Templates - Easily Make Your Own Video Online | FlexClip,https://www.flexclip.com/template/
Vimeo,https://vimeo.com/create/new?msg_loader=true
Video Maker - Make a Video for Free Online | FlexClip,https://www.flexclip.com/editor/app?template_id=1742bf4956cb2c6d4e57ba219cc5865938d737919c15ce65846cda9107c88523
50 YouTube Banner Templates &amp; Channel Art [Free Download],https://visme.co/blog/youtube-banner-template/
Copy of Youtube Subscribe editable video template | PosterMyWall,https://www.postermywall.com/index.php/posterbuilder/load/f640fea45d9bf8ec3dd953e9223370b1#.YYp7MdLMK7Q
Rapidtags | YouTube Tag Generator and Optimizer,https://rapidtags.io/generator
Video details - YouTube Studio,https://studio.youtube.com/video/NpCPrKl6M4w/edit
YouTube TAG„Äê#„ÄëGenerator Keyword Tool„Äê‚ö†Ô∏è FREE„Äë,https://keywordtool.io/youtube
VUTES - CLIENT,https://ugadmissions.nust.edu.pk/demo/Eng-Chem-Math/physics/Q1.htm
HOPE online pk: TRICKS FOR MATHEMATICS (2nd Edition),http://hopeonlinepk.blogspot.com/2018/06/tricks-for-mathematics-2nd-edition.html
Gmail,https://accounts.google.com/b/0/AddMailService
YouTube,https://youtube.com/
Maps,https://maps.google.com/
Vimeo,https://vimeo.com/create/new
YouTube Creator Studio,https://studio.youtube.com/channel/UCvmqUzIZlpF8XcfKD6LT73w/analytics/tab-overview/period-default
Picmaker,https://app.picmaker.com/editproject/ThiONv1D21HKpJys/
PicMonkey,https://www.picmonkey.com/home/editor/new
Physics Chapter wise MCQs with Solution | Wisegot,https://wisegot.com/physics-chapter-wise-mcqs-with-solution-2/
Online Urdu Editor,http://www.urduonline.tk/
https://www.upscale.media/upload,https://www.upscale.media/upload
Remove Audio from Video Online Free | AudioRemover,https://www.audioremover.com/
Download Free 107 Novels of Ishtiaq Ahmed in PDF format ‚Äì All in one ZIP file ‚Äì Ravi Magazine,https://www.ravimagazine.com/download-107-novels-of-ishtiaq-ahmed-in-pdf-format-all-in-one-zip-file/
Google Business Profile ‚Äì Get Listed on Google,https://www.google.com/business/
JPG to PDF: Download processed file(s),https://pdfcandy.com/result/33c516e00d96c7a9.html
Ashfaq Ahmed Books And Novel Names List,https://ilm.com.pk/extra-curricular/ashfaq-ahmed-books-and-novel-names-list/
Ashfaq Ahmed | Biography in Urdu,https://www.thezeepdf.com/2017/10/Ashfaq-Ahmed.html
Khel Tamasha Novel by Ashfaq Ahmed PDF Download - Today Novels,https://todaynovels.com/khel-tamasha-novel-by-ashfaq-ahmed-pdf-download/
,https://theurduwriters.com/ashfaq-ahmed/
Farhat Ishtiaq - List of 41 novels by Farhat Ishtiaq ~ BooksPk,https://www.bookspk.site/writer/farhat-ishtiaq
"Alif Novel By Umera Ahmad PDF Download ‚Äì Burj Labs Romantic Urdu Novels, Urdu Stories, Urdu Books, Islamic Books Pdf Download Free.",https://www.burjlabs.com/alif-novel-umera-ahmed-pdf-download/
Keyword Tool ‚ö†Ô∏è Google Keyword Planner„ÄêSearch FREE„Äë,https://keywordtool.io/
Direct and Indirect Speech.docx,https://images.static-collegedunia.com/public/image/fc9b0613ef8c732603038807d765f6d5.pdf
Complete Novels list of Ishtiaq Ahmed | Facebook,https://www.facebook.com/people/Complete-Novels-list-of-Ishtiaq-Ahmed/100063824412828/
600+ Inspector jamshed Series Novels by Ishtiaq Ahmed Free Download,https://inspectorjamshedwebseries.com/website-list-1-novel-1-to-100/#
Inspector Jamshed series Archives - Nayab Kutab,https://nayabkutab.com/category/ishtiaq-ahmed/jamshed-series/
Ishtiaq Ahmed Archives - Nayab Kutab,https://nayabkutab.com/category/ishtiaq-ahmed/
Aftab Ahmed Archives - Nayab Kutab,https://nayabkutab.com/category/aftab-ahmed/
Inspector Kamran Mirza Series Archives - Nayab Kutab,https://nayabkutab.com/category/ishtiaq-ahmed/kamran-series/
Qissa Hatim Tai - Nayab Kutab,https://nayabkutab.com/qissa-hatim-tai/
Aankh Micholi June 1987 - Nayab Kutab,https://nayabkutab.com/aankh-micholi-june-1987/
Taleem o Tarbiat Archives - Nayab Kutab,https://nayabkutab.com/category/taleem-o-tarbiat/
Video Trimmer: Download processed file(s),https://videocandy.com/result/f2b806cf2da88169.html
Analytics,https://analytics.google.com/analytics/web/
Edit Profile | PhotoDune,https://photodune.net/user/muhammadu78/profile/edit
Youtube to MP3 - Convert Youtube Videos to MP3 Music - Y2Mate,https://en.y2mate.is/75/youtube-to-mp3.html
"SnapSave - Download YouTube videos in 1080p, 2k, 4k | Youtube Downloader",https://snapsave.io/en
Mere Khawab Mere Jugnu By Nimra Ahmed - ILMI OCEAN,https://ilmiocean.com/mere-khawab-mere-jugnu-by-nimra-ahmed/
Same Energy | Visual Search Engine,https://same.energy/
namecheckr | Social and Domain Name Availability Search For Brand Professionals,https://www.namecheckr.com/
Royalty Free Music Download,https://www.videvo.net/royalty-free-music/
Download Free Motion Graphics Animated Backgrounds &amp; Animations,https://www.videvo.net/free-motion-graphics/green-screen/
Homestyler - Free 3D Home Design Software &amp; Floor Planner Online,https://www.homestyler.com/
CopyChar ‚Äì Copy hieroglyph characters to your clipboard,https://copychar.cc/hieroglyphs/
Homestyler - Floor plan creator &amp; Free online home design software,https://3d.homestyler.com/?spm=a1zmxy.20722057.0.0.6c4d783cPHPGsV&lang=en_US
Excel Formulas and Functions.xlsx - Microsoft Excel Online,https://onedrive.live.com/view.aspx?resid=B09F9559F6A16B6C!77765&ithint=file%2cxlsx&authkey=!APRFLk8rmn_5CG0
CapCut | Video Editor | All-In-One Video Editing Software | CapCut,https://www.capcut.com/editor?__action_from=picture_Spark+Your+Creativity&scenario=youtube_ads
[PDF] 400+ Excel Formulas List | Excel Shortcut Keys PDF - Download Here,https://yodalearning.com/tutorials/excel-formulas-pdf/
500 Excel Formula Examples | Exceljet,https://exceljet.net/formulas
2016-Commonly-Used-Excel-Formulas.pdf,https://www.akronlibrary.org/images/ComputerTraining/Excel/2016-Commonly-Used-Excel-Formulas.pdf
NOVEL WORLD,https://fondofnovels.blogspot.com/
Word,https://www.office.com/launch/word?ui=en-US&rs=US&auth=1
Sulphite Novel by Noor Rajput ‚Äì Episode 1 - Online Urdu Novels,http://www.onlineurdunovels.com/sulphite-novel-by-noor-rajput-episode-1/
Sulphite by Noor Rajpoot (cmplt).pdf - Crop PDF files online,https://pdfresizer.com/crop/1f105c7951a7.pdf
Crop your PDF Documents with AvePDF Online Tools,https://avepdf.com/crop-pdf
Edit PDF your PDF Files with AvePDF Online Tools,https://avepdf.com/pdf-edit
whoosh sound effect free - Google Search,https://www.google.com/search?q=whoosh+sound+effect+free&rlz=1C1YTUH_enPK1016PK1016&sxsrf=ALiCzsafAOd2XTuto4o5nFdROU2wGetzUg%3A1668518182439&ei=JpFzY96wGvWGxc8PgqeVwA4&oq=whoosh+sound+effect&gs_lcp=Cgxnd3Mtd2l6LXNlcnAQARgAMgQIABBHMgQIABBHMgQIABBHMgQIABBHMgQIABBHMgQIABBHMgQIABBHMgQIABBHSgQIQRgASgQIRhgAUABYAGDvGmgAcAJ4AIABAIgBAJIBAJgBAMgBCMABAQ&sclient=gws-wiz-serp
Free Whoosh Sound Effects Download - Pixabay,https://pixabay.com/sound-effects/search/whoosh/
Earn revenue from video monetization ‚Äì Dailymotion Help Center,https://faq.dailymotion.com/hc/en-us/articles/207338747-Earn-revenue-from-video-monetization
Umera Ahmed,https://www.pakpedia.pk/umera-ahmed/
Heyzine PDF To Flipbook - Online flipbook maker,https://heyzine.com/
Heyzine Admin,https://heyzine.com/admin#
HTML Table Generator,https://www.htmlcodegenerator-tools.com/2019/10/html-table-generator.html
Naveed Yar Khan (nykbooks) - Saudi Arabia (44 books),https://www.goodreads.com/user/show/65421846-naveed-yar-khan
Dashboard | vidIQ,https://app.vidiq.com/channels/86e9187f-8faa-477b-9601-f4d9610dfe65/dashboard
NOVEL WORLD,https://fondofnovels.blogspot.com/2018/04/book-review-written-by-nimra-ahmed.html
Copy of HTML &amp; CSS Coding Templates ‚Äî HubSpot - Google Docs,https://docs.google.com/document/d/1L7aTlLFsdUaLqe2pYlMVPOREzf4_pVT1E2mASPoq3l0/edit
@Writing_world18 | Linktree,https://linktr.ee/Writing_world18
resumeeeeeeeeeeee,https://abcdpdf.com/download.html#
Google Pagespeed Insights Checker | Bloggingos,https://bloggingos.com/tools/pagespeed-insights-checker/output
An Interactive Guide to CSS Keyframe Animations with @keyframes,https://www.joshwcomeau.com/animation/keyframe-animations/
Leven - Resume / CV / vCard Template,https://lmpixels.com/demo/leven-html-new/full-width-dark/index.html
Getting started with HTML - Learn web development | MDN,https://developer.mozilla.org/en-US/docs/Learn/HTML/Introduction_to_HTML/Getting_started
localhost / 127.0.0.1 | phpMyAdmin 4.8.5,http://localhost/phpmyadmin/
FastCopy Download (2023 Latest),https://www.filehorse.com/download-fastcopy/
Money Heist (2021 Part 2) Hindi Dubbed Season 5 Watch Online HD Print Free Download,https://www.movies-watch.com.pk/money-heist-2021-part-2-hindi-dubbed-season-5-watch-online-hd-print-free-download/
Photopea | Online Photo Editor,https://www.photopea.com/
#minhajazzahak Instagram posts (photos and videos) - Picuki.com,https://www.picuki.com/tag/minhajazzahak
Keyword Research - Moz Pro,https://analytics.moz.com/pro/keyword-explorer?redirect=https://analytics.moz.com/pro/keyword-explorer
Urdunovelbanc.blogspot.com | Seo Analyser,https://seoanalyser.me/domain/urdunovelbanc.blogspot.com
Mala Novel Urdu By Nimra Ahmad Pdf Download - ReadingPk,https://readingpk.com/mala-novel-urdu/
Aanchal Mein Jalta Diya | Romantic Urdu Novels,https://sohnidigest.com/romantic-urdu-novels/aanchal-mein-jalta-diya/10/
Libas Complete Novel By Umera Ahmed | Urdu Novels Collection,https://urdunovelcollection.com/libas-complete-novel-by-umera-ahmed/2/
Umaira Ahmad ‚Äì Reading Section,https://rspk.paksociety.com/category/novels/umaira-ahmad/
Laal bati by Neelam Riasat Complete download pdf ‚Ä¢ Prime Urdu Novels,https://primeurdunovels.com/laal-bati-by-neelam-riasat-complete-free-pdf/
PixelBin,https://console.pixelbin.io/organization/271783/storage?sortBy=createdAt&orderBy=desc
Dinar Urdu Novel by Sumaira Hameed | Urdu Novels,https://www.afsanay.com/urdu-novels/tragic-urdu-novels/199/dinar
DOWNLOAD FREE URDU BOOKS AND NOVELS: Sumera Hameed,https://bookkorner.blogspot.com/search/label/Sumera%20Hameed
"Reading Corner- Huge collection of Urdu and English novels, novel pdf download, novel online reading",https://readingcornerpk.blogspot.com/2018/02/dareecha-e-dil-novel-by-sumaira-hameed.html
FAMOUS URDU NOVELS: Sumaira Hameed Novel List,https://famousurdunovels.blogspot.com/2018/05/sumaira-hameed-novel-list.html
Afsana - Daaj By Sumaira Hameed - Readers.pk Urdu Novels - Read Online,https://www.readers.pk/resources/daaj-by-sumaira-hameed.1063/updates?page=2
Free Urdu Digests: Daim ul habs by Sumera Hameed Online Reading.,https://freeurdudigest.blogspot.com/2015/01/daim-ul-habs-by-sumera-hameed-online.html
All Urdu PDF Novels: Daim ul Habs By Sumaira Hameed,https://allurdupdfnovel.blogspot.com/2015/10/daim-ul-habs-by-sumaira-hameed.html
All Urdu PDF Novels: Sumaira Hameed,https://allurdupdfnovel.blogspot.com/search/label/Sumaira%20Hameed
Peer E Kamil Novel By Umera Ahmed,https://adabizouq.com/peer-e-kamil-pdf/
Interview With Neelam Riasat - Reading Sloth,https://www.readingsloth.com/2023/02/16/interview-with-neelam-riasat/
Hay Ahle Wafa Ki Reet Alag By Neelam Riyasat,https://www.zemtime.com/hay-ahle-wafa-ki-reet-alag-by-neelam-riyasat/
free online reading: AKRDMUK by ZK,https://reading2k16.blogspot.com/2021/03/akrdmuk-by-zk.html
urdunovelbanc.blogspot.com estimated website worth $ 100,https://www.siteprice.org/website-worth/urdunovelbanc.blogspot.com
Peer e Kamil Review and Download - video Dailymotion,https://www.dailymotion.com/video/x2gxi6l
Meri Zindagi To Firaaq Hai - Peer e Kamil (S.A.W) - Ghazal - video Dailymotion,https://www.dailymotion.com/video/x2v6m1e
Post: Edit,https://www.blogger.com/blog/post/edit/6060373960762107183/6719094894616290935
01- Installation &amp; first line of code (DAY-1) #baba_aammar #python_ka_chilla - YouTube,https://www.youtube.com/watch?v=amqff0XN2iM&list=PL9XvIvvVL50HVsu-Ao8NBr0UJSO8O6lBI&index=4
Learn Quran Online Class poster flyer | PosterMyWall,https://www.postermywall.com/index.php/posterbuilder/load/3d1fb293b00d3b45bdba24ec9b1c4e07
python - How do I download all files from a Google Drive folder with more than 50 files? - Stack Overflow,https://stackoverflow.com/questions/76485003/how-do-i-download-all-files-from-a-google-drive-folder-with-more-than-50-files
ain.ul.hayat - Link in Bio &amp; Creator Tools | Beacons,https://beacons.ai/ain.ul.hayat
Cloudflare | Web Performance &amp; Security,https://dash.cloudflare.com/00b5c7689a3f539433b67851cea65761/urdunovelbanks.com
Analytics | Home,https://analytics.google.com/analytics/web/#/p451675029/reports/intelligenthome
Urdu PDF Novels - Read Urdu Novels Online,https://urdupdfnovels.com/
Facebook,https://www.facebook.com/profile.php?id=100091771726065
Urdu Novels &amp; Books Store - Link Shop.pk Group | Facebook,https://www.facebook.com/groups/1732110610138557
ILM-O-IRFAN PUBLISHERS,https://www.ilmoirfanpublisher.com/ur
Books Villa,https://booksvilla.com.pk/
Nai Soch | Largest online book store in Pakistan - Best Urdu Books,https://naisoch.com.pk/
Largest Online Book Store in Pakistan | Link Shop,https://www.linkshop.pk/index.php?route=common/home
"Online Shopping Site for Fashion, Electronics, Home &amp; More | Meesho",https://www.meesho.com/
Book A Book Pakistan,https://bookabook.pk/
Super Books Pakistan ‚Äì SPREADING KNOWLEDGE SINCE 2017,https://superbooks.com.pk/
Buy Books Online from the Largest Store in Pakistan | Booksturner,https://booksturner.pk/
Pakistan&#39;s Largest Online Book Shop Pakistan Urdu Bazar ‚Äì Dua Book Palace,https://duabookpalace.com/
Largest Online Bookstores in Pakistan | MBA Bookstore,https://www.mbabookstore.com/
Online Book Centre,https://onlinebookcentre.com/
Nusraa - Online Bookstore In Pakistan,https://nusraa.com/
Urdu Book- in urdu poetry - Urdu Novels ‚Äì URDU BOOK,https://urdubook.com/
Books Square : Online books and Stationery store in Pakistan.,https://bookssquare.org/
Home ‚Äì CBPBOOK,https://cbpbook.com/home/
Sang-e-meel Publications,https://sangemeel.shop/
Online Books Shopping In Pakistan ‚Äì OnlineBooksOutlet,https://onlinebooksoutlet.com/
"Web Hosting, Domain Registration, Dedicated Server, VPS Server",https://ifastnet.com/portal/sharedhosting.php
Home - SQS Bookstore,https://books.justsqs.com/
Home - Pakistan online books Store,https://pakonlinebooks.com/
Home - Iqra Book Store,https://iqrabookstore.in/
HO store : Pakistan&#39;s Leading Online Bookstore,https://hostore.pk/
KitabDeal.com ‚Äì Largest Online Book Store in Pakistan,https://kitabdeal.com/
Ketab Online Book Stores in Pakistan,https://www.ketab.com.pk/
Buy Books Online | Books Paradise,https://www.booksparadise.pk/
PakBooks.com,https://www.pakbooks.com/
Mungal Bazar,https://www.mungalbazar.com/
Global books ‚Äì Global Books,https://globalbooks.com.pk/
Pakistan&#39;s Leading Online Bookstoreüìöüìñ - Order Now | Gufhtugu,https://gufhtugu.com/
New Tab,https://alazhar.pk/
CHOTA SHEHAR BARAY LOG BY BANO QUDSIA ‚Äì Trends,https://trendsonline.pk/products/chota-shehar-baray-log-by-bano-qudsia
Booksea - Buy Books Online in Pakistan,https://booksea.pk/
Online Book Store In Pakistan | Multan Kitab Ghar,https://mkg.com.pk/
Urdu Books ‚Äì FRIENDS BOOK,https://friendsbook.pk/collections/urdu-novels
Novels ‚Äì Ilmi Book House,https://www.ilmibookhouse.com/collections/novels?page=2
Home - Kitaab Nagar,https://kitaabnagar.com/
URDU ADAB,https://urduadab4u.blogspot.com/
Urdu Kutub Khaana,https://urdukutubkhaana.com/
7th Sky Books,https://7thskybooks.com/
Home - Bookfair,https://bookfair.pk/
Kitab Mela - Pakistan First Super Store Of Books,https://kitabmela.com.pk/
Books Baar,https://bookbaaar.com/
Pardesi Darakht - Ÿæÿ±ÿØ€åÿ≥€å ÿØÿ±ÿÆÿ™ | Adb-e-Islami,https://adbeislami.com/product/pardesi-darakht/
Urdu Novel - Books Clock,https://booksclock.com/urdu-novel/
Book Centre Online Store,https://bookcentre.pk/bookcentrestore/BooksList.aspx?cat=genu
NOVEL - Gosha-e-Adab,https://goshaeadab.com/product-category/urdu-books/novel/
Zindagi ktni khoobsurat he by Maryam Aziz complete urdu novel 2023,http://novelslounge.com/zindagi-ktni-khoobsurat-he-by-maryam-aziz-complete-urdu-novel-2023/
Online Invoice Generator Free,https://www.htmlcodegenerator-tools.com/2020/07/invoice-generator-freelancers-business-hours-logo.html
Softaculous - Softaculous - WordPress,https://sv1.scriptinstall.rocks:2083/cpsess3867197158/frontend/x3/softaculous/index.live.php?act=software&soft=26&tab=install
sv1.scriptinstall.rocks:2083/cpsess3867197158/frontend/x3/softaculous/index.live.php?act=sign_on&amp;insid=26_92560&amp;autoid=6kpzcumw1wnt1sjytrwwdmo5fu2nla26,https://sv1.scriptinstall.rocks:2083/cpsess3867197158/frontend/x3/softaculous/index.live.php?act=sign_on&insid=26_92560&autoid=6kpzcumw1wnt1sjytrwwdmo5fu2nla26
Log In ‚Äπ My Blog ‚Äî WordPress,http://peaknovelshop.great-site.net/wp-login.php
cpanel.infinityfree.com/panel/index.php,https://cpanel.infinityfree.com/panel/index.php
SSL certificate for peaknovelshop.great-site.net - InfinityFree,https://dash.infinityfree.com/sslCertificates/4277799
Google ÿßŸÜ ŸæŸπ ŸπŸàŸÑÿ≤ ÿ¢ŸÜ ŸÑÿßÿ¶ŸÜ ÿ¢ÿ≤ŸÖÿßÿ¶€å⁄∫ ‚Äì Google ÿßŸÜ ŸæŸπ ŸπŸàŸÑÿ≤,https://www.google.com/intl/ur/inputtools/try/
How To Write A Book Review in 4 Steps: A Guide With Examples,https://essaypro.com/blog/book-review
(15) What are some tips for writing a good book review of a novel? Is there a formula which would help? - Quora,https://www.quora.com/What-are-some-tips-for-writing-a-good-book-review-of-a-novel-Is-there-a-formula-which-would-help
(15) How do you write reviews of a book as a professional reviewer? - Quora,https://www.quora.com/How-do-you-write-reviews-of-a-book-as-a-professional-reviewer
How to Write a Great Book Review (With Structure &amp; Self-Editing Tips),https://independentbookreview.com/2023/01/16/how-to-write-a-great-book-review/
Writing a Book Review - Organizing Your Social Sciences Research Assignments - Research Guides at University of Southern California,https://libguides.usc.edu/writingguide/assignments/bookreview
Writing Book Reviews: Writing Guides: Writing Tutorial Services: Indiana University Bloomington,https://wts.indiana.edu/writing-guides/writing-book-reviews.html
ŸÖ€ÅŸàÿ¥ ÿßÿ≥ÿØ ÿ¥€åÿÆ - #ÿßŸæŸÜ€å_ÿ™ÿ≠ÿ±€åÿ±_ŸÜ⁄©⁄æÿßÿ±ÿ¶€å€í ÿ¢Ÿæ ŸÑ⁄©⁄æŸÜ€í ÿ®€åŸπ⁄æ€å⁄∫ ÿ™Ÿà ÿ¢Ÿæ ⁄©ÿß ŸÖŸÇÿµÿØ... | Facebook,https://www.facebook.com/meeshi.sheikh/posts/pfbid0NidfU87U5FUt5FQQhSVxKuEXQZBwV1Hg7UoB2kAgW2aLrQLeNz4qoQWmHShf5CEHl?comment_id=1943205726223795&notif_id=1761989466756599&notif_t=comment_mention&ref=notif
Convert from InPage to Urdu Unicode text,https://urdu.ca/convert
Dig (DNS lookup),https://toolbox.googleapps.com/apps/dig/#A/
IsItWP - Free WordPress Theme Detector,https://www.isitwp.com/
ÿßÿ≥ŸÑÿßŸÖ€å ⁄©ÿ™ÿ® | ⁄©ÿ™ÿßÿ® Ÿà ÿ≥ŸÜÿ™,https://kitabosunnat.com/about-us
Sell backlinks ‚Äî Make Money with your Website,https://linkdeploy.com/
Keyword Planner - 770-863-3998 - Google Ads,https://ads.google.com/aw/keywordplanner/home?ocid=1130847110&euid=689285481&__u=4597078369&uscid=1130847110&__c=8277746390&authuser=0&c
Whatsapp Group Emojis | ‚ñ∂Ô∏é ‚Ä¢·Åä·Åä||·Åä|·Åã||||·Åã‚Äå‚Äå‚Äå‚Äå‚Äå·Åä|‚Ä¢ 0:10üéØüë≤üèªüñá | Copy &amp; Paste,https://emojidb.org/whatsapp-group-emojis
DreDown | Download Instagram Videos | Download Instagram | Download Instagram Videos | Download Videos | Music | George Lamberis,https://www.dredown.com/instagram
WhatsApp,https://web.whatsapp.com/
Contact Information - Google Forms,https://docs.google.com/forms/d/1UgvKdvhNR84Nd0h5a_LqG6HkIiYjjaLfZyTCvud3WJ4/edit
95 Beautiful CSS box-shadow examples - CSS Scan,https://getcssscan.com/css-box-shadow-examples
Validate XML Sitemap - XML Sitemaps Generator,https://www.xml-sitemaps.com/validate-xml-sitemap.html
"50,000+ Free eBooks in the Genres you Love | Manybooks",https://manybooks.net/?check_logged_in=1
Books Lovers - Old novel hai. Mature writing style mein aik... | Facebook,https://www.facebook.com/100064347295358/posts/old-novel-hai-mature-writing-style-mein-aik-khubsurat-tehrerhero-and-heroine-cou/619082135219221/
Filen,https://app.filen.io/#/drive/c670c308-b5e5-4cae-8a3d-8b368d929190
app.box.com/folder/0,https://app.box.com/folder/0
Koofr - Koofr,https://app.koofr.net/app/storage/ba7b855c-df2c-482d-a5b5-41c453da61d6
Vault,https://cp.sync.com/vault?predicate=usertime&predicateReverse=true
LimeWire: Share Files - Secure File Upload Platform,https://limewire.com/
Puter,https://puter.com/
1fichier.com: Cloud Storage,https://1fichier.com/?3baibw4w6gm17lfu95tf&af=4948874
KrakenFiles.com - your best space to host files,https://krakenfiles.com/
OpenDrive,https://www.opendrive.com/files/
Blomp Cloud Storage - Dashboard,https://dashboard.blomp.com/dashboard/files
Content Policy,https://www.blogger.com/content-policy?utm_source=chatgpt.com
Programmable Search ‚Äì create search engine,https://programmablesearchengine.google.com/controlpanel/create
TopGames Blogger Template - BTemplates,https://btemplates.com/2016/blogger-template-topgames/
Spotlight - Responsive Blog &amp; Magazine Blogger Template - Pro Blogger Templates,https://probloggertemplates.com/templates/spotlight/?affiliate_id=1030500499
SeoFlex - Responsive Blogger Template,https://seoflex-preview.blogspot.com/
Facebook,https://www.facebook.com/Nayabjilaniofficial
Facebook,https://www.facebook.com/hashimnadeem1
Facebook,https://www.facebook.com/YasmeenNishatOfficial
Facebook,https://www.facebook.com/WriterRahatJabeen/
Facebook,https://www.facebook.com/p/Farzana-Kharal-Official-100080162199389/
Facebook,https://www.facebook.com/Iffatsehartahirofficial
Facebook,https://www.facebook.com/abida.sabeen.novelist/
Facebook,https://www.facebook.com/shagufta.bhatti1/
Facebook,https://www.facebook.com/p/Munam-Malik-Official-100067620649874/
Facebook,https://www.facebook.com/p/Anjum-Ansar-Famouse-writer-and-Editor-of-Monthly-Pakiza-100064118768646/
Facebook,https://www.facebook.com/shahzadbashir.author
Facebook,https://www.facebook.com/profile.php?id=100088490285656
(1) Facebook,https://www.facebook.com/BushraSaeedWriter/
Facebook,https://www.facebook.com/aminakhannovels/
Facebook,https://www.facebook.com/p/Fatima-Lagharis-Novels-100064441071589/
Facebook,https://www.facebook.com/MAWRA.TALHA/?ref=_xav_ig_profile_page_web_bt#
Instagram,https://www.instagram.com/imehrulnisashahmeer/
Instagram,https://www.instagram.com/meerabhayaatpk/
(2) Facebook,https://www.facebook.com/writer.sohail/
Instagram,https://www.instagram.com/penpricker/reels/
(2) Facebook,https://www.facebook.com/AllamaGhulamAhmedParwez
Home - Bing Webmaster Tools,https://www.bing.com/webmasters?tid=fe1145c6-e008-44bc-8e69-02c236c1c22f
Facebook,https://www.facebook.com/Silsilaywarnovel
Facebook,https://www.facebook.com/shuaadigest
Facebook,https://www.facebook.com/1NadiaMajid1
(20+) Facebook,https://www.facebook.com/sohnidigest
Hayat Mumkin Hai ÿ≠€åÿßÿ™ ŸÖŸÖ⁄©ŸÜ €Å€í By Sumaira Hamed - Episode 1,https://www.urdupoint.com/books/detail/hayat-mumkin-hai/6211/episode-1.html
Mein Guman Nahi Yaqeen Hon ŸÖ€å⁄∫ ⁄ØŸÖÿßŸÜ ŸÜ€Å€å⁄∫ €åŸÇ€åŸÜ €ÅŸà⁄∫ By Nabila Abar Raja - Episode 49,https://www.urdupoint.com/books/detail/mein-guman-nahi-yaqeen-hon/6554/episode-49.html
Bheegi Palkon Par ÿ®⁄æ€å⁄Ø€å ŸæŸÑ⁄©Ÿà⁄∫ Ÿæÿ± By Iqra Sagheer Ahmed - Episode 1,https://www.urdupoint.com/books/detail/bheegi-palkon-par/5329/episode-1.html
Shehr E Dil ÿ¥€Åÿ±Ÿê ÿØŸÑ By Umme Maryam - Episode 6,https://www.urdupoint.com/books/detail/shehr-e-dil/7032/episode-6.html
ŸÅŸàŸπŸà⁄Øÿ±ÿßŸÅÿ±,https://www.rekhta.org/stories/photographer-qurratulain-hyder-stories?lang=ur
ÿ±Ÿàÿ¥ŸÜ€å ⁄©€å ÿ±ŸÅÿ™ÿßÿ±,https://www.rekhta.org/stories/raushni-ki-raftaar-qurratulain-hyder-stories?lang=ur
Facebook,https://www.facebook.com/muslim.ansari.168202/
ŸÜ€åŸÑÿß ÿØŸÑ ÿßÿ≤ €åÿßÿ≥ŸÖ€åŸÜ ŸÜÿ¥ÿßÿ∑ ÿßÿÆÿ™ÿ± ⁄©€í ŸÜÿßŸàŸÑ Ÿæÿ±... - Yasmeen Nishat Official | Facebook,https://www.facebook.com/YasmeenNishatOfficial/posts/%D9%86%DB%8C%D9%84%D8%A7-%D8%AF%D9%84-%D8%A7%D8%B2-%DB%8C%D8%A7%D8%B3%D9%85%DB%8C%D9%86-%D9%86%D8%B4%D8%A7%D8%B7-%D8%A7%D8%AE%D8%AA%D8%B1-%DA%A9%DB%92-%D9%86%D8%A7%D9%88%D9%84-%D9%BE%D8%B1-%D9%85%D8%B1%DB%8C%D9%85-%D9%85%DB%81%D8%B1-%DA%A9%DB%8C-%D8%B1%D8%A7%D8%A6%DB%92%D9%86%DB%8C%D9%84%D8%A7-%D8%AF%D9%84-%D8%A7%D8%B2-%D9%82%D9%84%D9%85-%DB%8C%D8%A7%D8%B3%D9%85%DB%8C%D9%86-%D9%86%D8%B4%D8%A7/1400429703450166/
URDU ADAB: Lihaf; a Famous Urdu Short Story by Ismat Chughtai,https://urduadab4u.blogspot.com/2011/03/lihaf-famous-urdu-short-story-by-ismat.html
Bad e Saba mehki by Samra Bukhari - Digest Library,https://digestlibrary.com/2021/11/29/bad-e-saba-mehki-by-samra-bukhari/
Zindagi Rangon Se Hai By Samra Bukhari. - Novels Jahan.com,https://novelsjahan.com/2025/08/22/zindagi-rangon-se-hai-by-samra-bukhari/
Janjua house by Saima Akram Chaudhary - Digest Library,https://digestlibrary.com/2021/01/06/janjua-house-by-saima-akram-chaudhary/
Pehli barish by Saima Akram Chaudhary - Digest Library,https://digestlibrary.com/2021/01/11/pehli-barish-by-saima-akram-chaudhary/
Facebook,https://www.facebook.com/media/set?vanity=Silsilaywarnovel&set=a.878452691513696
Facebook,https://www.facebook.com/quratulain.sikander.2025
Mei Tumhara Sawan Hoon by Rahat Jabeen. - Novels Jahan.com,https://novelsjahan.com/2024/10/21/mei-tumhara-sawan-hoon-by-rahat-jabeen/
Tum se kehna tha by Rahat Jabeen - Digest Library,https://digestlibrary.com/2021/01/02/tum-se-kehna-tha-by-rahat-jabeen/
Aangna phool khilen gay complete by Rahat Jabeen - Digest Library,https://digestlibrary.com/2025/06/05/aangna-phool-khilen-gay-complete-by-rahat-jabeen/
Gul e Sanobar by Rahat Jabeen - Digest Library,https://digestlibrary.com/2024/05/28/gul-e-sanobar-by-rahat-jabeen-2/
Mere Wo Kesari Phool by Farzana Kharal | Goodreads,https://www.goodreads.com/book/show/214437741-mere-wo-kesari-phool
Koi rang bhari sehar utray by Alia Bukhari - Digest Library,https://digestlibrary.com/2021/07/08/koi-rang-bhari-sehar-utray-by-alia-bukhari/
Hisab E Dostan By Alia Bukhari - Novels Jahan.com,https://novelsjahan.com/2025/10/22/hisab-e-dostan-by-alia-bukhari/
Barish mai bheegta manzir by Alia Bukhari - Digest Library,https://digestlibrary.com/2022/08/17/barish-mai-bheegta-manzir-by-alia-bukhari/
Wahi khuwab mautbar hai by Alia Bukhari - Digest Library,https://digestlibrary.com/2023/06/20/wahi-khuwab-mautbar-hai-by-alia-bukhari/
Rahat e dil hai tu by Nabila Aziz - Digest Library,https://digestlibrary.com/2021/01/30/rahat-e-dil-hai-tu-by-nabila-aziz/
Kirdar by Nabila Aziz - Digest Library,https://digestlibrary.com/2022/12/17/kirdar-by-nabila-aziz/
Koi aisa aehl e dil ho( 2) by Nabila Aziz - Digest Library,https://digestlibrary.com/2023/06/18/koi-aisa-aehl-e-dil-ho-2-by-nabila-aziz/
Mayen na murda ishq complete by Nabila Aziz - Digest Library,https://digestlibrary.com/2023/06/01/mayen-na-murda-ishq-complete-by-nabila-aziz/
Dar e Dil by Nabila Aziz - Digest Library,https://digestlibrary.com/2020/12/30/dar-e-dil-by-nabila-aziz/
(1) Request for novels &amp; all kind of reading stuff .. | Long Digest Novels...‚ù§Ô∏èüî• | Facebook,https://www.facebook.com/groups/1556636631244208/posts/2756828101225049/
ÿßŸÅÿ≥ÿßŸÜ€Å ‚Äì Alif Kitab,https://alifkitab.com/category/%d8%a7%d9%81%d8%b3%d8%a7%d9%86%db%81/
KSK Silsilay-War Novels | Facebook,https://www.facebook.com/Silsilaywarnovel/photos_albums
1Z - Google Docs,https://docs.google.com/document/d/1RCxbSlN6I_BgGE9k07kKxz45lFU0BygrWGbN2xurM0I/edit?tab=t.0
Lesson plan - Google Docs,https://docs.google.com/document/d/1nktPPPoGI1CXvHTRFiTCuFLYTvK8MKSC2yOpea9Y4-Q/edit?tab=t.0
New Tab,chrome://newtab/
Free Urdu Novel Plots: amna riaz novel plot pdf,https://urdunovelplot.blogspot.com/2018/06/amna-riaz-novel-plot-pdf.html
Dareechah-e-Nigaarish - Quratulain Haider,https://www.dareechah.com/urdu_fiction_writers/quratulain_haider
Facebook,https://www.facebook.com/talat.dareechahwaalaa
Urdu . com,https://urdu.com/shairy_urdu.html
ezreadings: Kiran Digest August 2019 PDF,https://ezreaderschoice.blogspot.com/2019/11/kiran-digest-august-2019-pdf.html
NotebookLM,https://notebooklm.google.com/?pli=1
Contempt for Zero - NotebookLM,https://notebooklm.google.com/notebook/481b9f23-0b30-40f9-b649-add4cf333bfd
Shobywood: Ehd e Sakoot (Sumaira Hameed)- Fiction Review by Shoby,https://shobywood.blogspot.com/2017/02/ehd-e-sakoot-sumaira-hameed-fiction.html
ameer chand bahaar Archives - UrduShahkar,https://urdushahkar.org/category/ameer-chand-bahaar/
Google Tag Manager,https://tagmanager.google.com/#/container/accounts/6208489602/containers/172688999/workspaces/3/tags
Analytics | Home,https://analytics.google.com/analytics/web/#/a237628855p392563452/reports/intelligenthome?params=_u..nav%3Dmaui
Google Tag Manager,https://tagmanager.google.com/#/admin/?accountId=6208489602&containerId=172688999&containerDraftId=4
Kitab Nagri | Read &amp; Download Free PDF Urdu Novels Online,https://kitabnagri.world/
Instagram,https://www.instagram.com/writing_palace/
Urdu Transliteration App,https://cfartransliterator.web.app/
Analytics | Home,https://analytics.google.com/analytics/web/#/p392563452/reports/intelligenthome
Domain Authority: What It Is and How To Increase It In 2024,"https://www.monsterinsights.com/domain-authority/#:~:text=Domain%20authority%20is%20measured%20on,slight%20difference%20between%20the%20two."
Everything you need to know about the Google MUM update,https://www.searchenginewatch.com/2021/09/02/everything-you-need-to-know-about-the-google-mum-update/
PageSpeed Insights,https://pagespeed.web.dev/analysis/https-www-urdunovelbanks-com/t61u0go0bg?form_factor=desktop
Rich Results Test ‚Äì Google Search Console,https://search.google.com/test/rich-results/result?id=m0YtjxitDzL9TGkmS2Ol7Q
Sign in | GTmetrix,https://gtmetrix.com/login?type=signup&job=2MAo1ZsG
Latest Performance Report for: https://www.urdunovelbanks.com/ | GTmetrix,https://gtmetrix.com/reports/www.urdunovelbanks.com/JPM1QjiV/
Check GZIP Compression - Test if GZIP is enabled on Website,https://iplocation.io/gzip-compression-test
"Add a subheading.gif - Crop animated GIF, APNG, WebP",https://ezgif.com/crop/ezgif-4-779383ede6.gif
"Online Converter - Convert Image, Video, Audio, &amp; Document Files",https://www.freeconvert.com/gif-compressor/download
Your app is building...,https://appsgeyser.com/building/?type=apk&rebuild=true&widget_name=Urdu%20Novel%20Bank_17912288
Techyleaf - Actionable Blogging &amp; SEO Tips,https://www.techyleaf.in/
Write Urdu | Online Urdu editor - English to Urdu typing - Urdu typing online,https://www.write-urdu.com/
Analyzing url: https://www.urdunovelbanks.com/ | GTmetrix,https://gtmetrix.com/analyze.html
W3C Link Checker,https://validator.w3.org/checklink
W3C,https://www.w3.org/
W3C Link Checker: https://www.urdunovelbanks.com/,https://validator.w3.org/checklink?uri=https%3A%2F%2Fwww.urdunovelbanks.com%2F&hide_type=all&depth=&check=Check
SEO Starter Guide: The Basics | Google Search Central ¬†|¬† Documentation ¬†|¬† Google for Developers,https://developers.google.com/search/docs/fundamentals/seo-starter-guide
CREATE A WIDGET TO EMBED INTO YOUR WEBSITE,https://www.sociablekit.com/app/users/widgets/create_solution/
Customize YouTube Channel,https://www.sociablekit.com/app/users/widgets/update_embed/25449065
#1 Business Messaging Platform For Startups &amp; SMBs - Crisp,https://crisp.chat/en/
robots.txt Validator and Testing Tool | TechnicalSEO.com,https://technicalseo.com/tools/robots-txt/
SEO Tools | TechnicalSEO.com,https://technicalseo.com/tools/
Urdu Digest,https://itnewsnet.com/category/urdu-digest/
Ubersuggest,https://app.neilpatel.com/en/dashboard
"Facebook Hashtag Generator - free tool, no signup required",https://www.oneupapp.io/facebook-hashtag-generator
New Order,https://tajammalsmmpanel.com/
URL Inspection - Bing Webmaster Tools,https://www.bing.com/webmasters/urlinspection?siteUrl=https://www.urdunovelbanks.com/
Backlinks - Bing Webmaster Tools,https://www.bing.com/webmasters/backlinks?siteUrl=https://www.urdunovelbanks.com/
The W3C Markup Validation Service,https://validator.w3.org/
Showing results for https://www.urdunovelbanks.com/ - Nu Html Checker,https://validator.w3.org/nu/?showimagereport=yes&doc=https%3A%2F%2Fwww.urdunovelbanks.com%2F
A new mobile friendly testing tool ¬†|¬† Google Search Central Blog ¬†|¬† Google for Developers,https://developers.google.com/search/blog/2016/05/a-new-mobile-friendly-testing-tool
Overview ¬†|¬† Lighthouse ¬†|¬† Chrome for Developers,https://developer.chrome.com/docs/lighthouse/overview/
Google Search Essentials (formerly Webmaster Guidelines) | Google Search Central ¬†|¬† Documentation ¬†|¬† Google for Developers,https://developers.google.com/search/docs/essentials
Google Help,https://support.google.com/
Home - Bing Webmaster Tools,https://www.bing.com/webmasters/home?siteUrl=https://www.urdunovelbanks.com/
Google Trends,https://trends.google.com/trends/
Trending now ‚Äì Google Trends,https://trends.google.com/trending?geo=PK
Google Advanced Search,https://www.google.com/advanced_search?q=mala+episode+20&rlz=1C1GCEJ_enPK1067PK1067&gs_lcrp=EgZjaHJvbWUqDggAEEUYJxg7GIAEGIoFMg4IABBFGCcYOxiABBiKBTIOCAEQRRgnGDsYgAQYigUyBggCEEUYQDIGCAMQRRhBMgYIBBBFGDwyBggFEEUYPDIGCAYQRRhBMgYIBxBFGEHSAQgxMjc3ajBqN6gCALACAA&ie=UTF-8
Website Speed Test Report - GiftOfSpeed,https://www.giftofspeed.com/report/urdunovelbanks.com/W6ivrq/
Expert Training Institute - 2024 with High DA [Updated],https://www.expert-seo-training-institute.in/blog/
Latest Performance Report for: https://www.urdunovelbanks.com/ | GTmetrix,https://gtmetrix.com/reports/www.urdunovelbanks.com/B8TbuaFM/
Browser Caching Checker | GiftOfSpeed,https://www.giftofspeed.com/cache-checker/
Gochyu Theme Detector - What Theme is That?,https://gochyu.com/
khasara novel by maria altaf - Google Search,https://www.google.com/search?q=khasara+novel+by+maria+altaf&source=lmns&bih=699&biw=1120&hl=en-GB&sa=X&ved=2ahUKEwiu_cfJufL_AhUVoUwKHVTpClMQ_AUoAHoECAEQAA#ip=1
Image Extractor - extract.pics,https://extract.pics/
videotoblog.ai/posts/XFpxi6Ho7dGRij09DHb5,https://www.videotoblog.ai/share/XFpxi6Ho7dGRij09DHb5
Video To Blog,https://www.videotoblog.ai/
Convert Image to JPG,https://converter.11zon.com/en/image-to-jpg
Convert Image to JPG,https://bigconvert.11zon.com/en/image-to-jpg
Download view only protected PDF from Google Drive - Pdf Google Drive Downloader - PDF.GDrive.VIP,https://pdf.dotool.net/en/
"#1 PNG to WEBP Converter Online (Fast, Free &amp; Unlimited)",https://pixelied.com/convert/png-converter/png-to-webp
Convertio ‚Äî File Converter,https://convertio.co/
ImgBB ‚Äî Upload Image ‚Äî Free Image Hosting,https://imgbb.com/
Postimages ‚Äî free image hosting / image upload,https://postimages.org/
Login | LinkBook.io,https://linkbook.io/login
Just a moment...,https://www.convertapi.com/a/signin?ReturnUrl=%2Fa%2Fapi%2Fpdf-to-compress
Free AI Image Upscaler | Enhance Photo Quality to 4K,https://www.pixelcut.ai/image-upscaler
"Cleanup.pictures - Remove objects, people, text and defects from any picture for free",https://cleanup.pictures/
Image Upscale | 100% Free Image Upscaler,https://cloudinary.com/tools/image-upscale
Untitled design (2).png - Squoosh,https://squoosh.app/editor
€Åÿßÿ¨ÿ±€Å ŸÖÿ≥ÿ±Ÿàÿ± ⁄©€í ÿßŸÅÿ≥ÿßŸÜ€í | ÿ±€åÿÆÿ™€Å,https://www.rekhta.org/authors/hajra-masroor/stories?lang=ur
Removal.AI: Upload Image to Create Transparent Background,https://removal.ai/upload/
YouTube Thumbnail Downloader - 4K Thumbnail Downloader,https://youtubethumbnaildownload.com/
Change colored PDF to black-and-white online &amp; free,https://online2pdf.com/pdf-change-color-to-black-and-white#
Change background in pdf | DocHub,https://www.dochub.com/en/functionalities/change-background-in-pdf
"Remove PDF pages - quick, online, free - PDF24",https://tools.pdf24.org/en/remove-pdf-pages
Remove PDF Pages - Best PDF Pages Remover,https://bigpdf.11zon.com/en/remove-pdf-pages/
Home - URLZ - Free URL Shortener,https://urlz.li/?utm_source=chatgpt.com
Bitly | Link Dashboard,https://app.bitly.com/Bn72b9qrpi6/home
(1) Rebrandly Dashboard,https://app.rebrandly.com/links/new
"URL Shortener, Branded Short Links &amp; Analytics | TinyURL",https://tinyurl.com/
(0) www.urdunovelbanks.com ¬ª Prefs ¬ª Tracking code | Clicky Website Analytics,https://clicky.com/stats/prefs-tracking-code?site_id=101494235
Links - Linkly,https://app.linklyhq.com/app/workspace/324951/links
meat.url-stats.title,https://app.surl.li/en/surli.cc/yxoofb/stats
Crop PDF File Online - Best PDF Cropper Free,https://bigpdf.11zon.com/en/crop-pdf/crop-pdf-file-online.php
Websites @ Adsterra,https://beta.publishers.adsterra.com/websites
WebMoney Keeper,https://wallet.wmtransfer.com/logon?ReturnUrl=%2ffinances
WebMoney ‚Äî Universal Payment System,https://www.webmoney.com/
"Google Ad Manager Reviews 2023: Details, Pricing, &amp; Features | G2",https://www.g2.com/products/google-ad-manager/reviews
Infolinks - Curated Viewability and Audience Attention,https://www.infolinks.com/
Buy Me a Coffee,https://buymeacoffee.com/
Urdu novel Bank,https://buymeacoffee.com/urdunovelbank
"Reading Corner- Huge collection of Urdu and English novels, novel pdf download, novel online reading",https://readingcornerpk.blogspot.com/2015/01/manzil-nahi-mili-novel-by-nighat.html
Money Harry GIF by The Viral Fever - Find &amp; Share on GIPHY,https://giphy.com/gifs/theviralfever-money-paisa-hi-fSxOsxN7Z9zpY7nzKd
Nighat Abdullah - Colab,https://colab.research.google.com/drive/1I0E-vXekQgKHQIfC6VwGpdoQvW8uZMCy
Kiran Digest June 2006 | PDF,https://www.scribd.com/document/358490434/Kiran-Digest-June-2006
Kiran Digest February 2007 | PDF,https://www.scribd.com/document/358283686/Kiran-Digest-February-2007
Kiran Digest September 2007 PDF | PDF,https://www.scribd.com/document/358449434/Kiran-Digest-September-2007-www-pakistanipoint-com-pdf
Kiran Digest January 2008 | PDF,https://www.scribd.com/document/358249238/Kiran-Digest-January-2008
Kiran Digest May 2008 | PDF,https://www.scribd.com/document/358250605/Kiran-Digest-May-2008
Online PDF to Video Converter,https://products.aspose.app/slides/video/pdf/
Speed Up or Slow Down Video Online ‚Äî Change Video Speed ‚Äî Clideo,https://clideo.com/change-video-speed
Change aspect ratio of videos easily | Online and Fast | Flixier,https://flixier.com/tools/video-ratio-changer
Bulk Image and Video Editor App - Abraia,https://abraia.me/console/editor
Convert PDF to MP4 Online | pdfFiller,https://www.pdffiller.com/en/functionality/convert-pdf-to-mp4-online.htm
Youtube thumbnail Image View and Download,https://youtube-thumbnail-grabber.com/
Zamzar - File Conversion progress,https://www.zamzar.com/uploadComplete.php?convertFile=mp4&to=YouTube&session=8a96b3a233f9d89faf8d246aeb09bc&email=false&tcs=Z87
snaptik .com - Tikcd.com,https://tikcd.com/blog/snaptik-com
Pinterest Video Downloader - Download Pinterest Videos &amp; Gif &amp; Images Online,https://www.expertsphp.com/pinterest-video-downloader.html
Untitled design,https://www.canva.com/design/DAE_bUDCYfQ/oUaAPfYha91iKHtDqmB57g/edit
Editor - Pixelied,https://pixelied.com/editor?width=1000&height=1500&format_category=pinterest-pin
"Image Resizer - Pixels, Percentage, Aspect Ratio | RedKetchup",https://redketchup.io/image-resizer
Convert Photo to Cartoon Online Free | SocialBook Photo Cartoonizer,https://socialbook.io/cartoonize
InVideo,https://invideo.io/sign-up?otherUrl=/payments/checkout&deviceid=ZUlRWVBZbnRBQnBkZG5BcGxRSXNnUQ==
"Simplified | One app to design, collaborate and scale",https://app.simplified.co/signup
[OFFICIAL] HitPaw Online Resize Video Free,https://online.hitpaw.com/resize-video-online.html
"AddText ‚Äî Captions for your photos, quick and easy",https://addtext.com/photo/index?bgUrl=https%3A%2F%2Fwww11-addtext.ft-uc.com%2Ftmp%2FMjAyMjA2MjQ%2Faddtext_com_MjAyMzQ3MjE0NzA.jpg
Edit ‚Ä¢ Photo - The Free Online Photo Editor In Your Browser,https://edit.photo/
"Best Photo Editor to Remove Acne, Blemishes From Photos Naturally | PERFECT",https://www.perfectcorp.com/consumer/blog/photo-editing/remove-acne-and-retouch-your-photo-to-create-natural-looking-selfies
Image Enhancer | Enhance Image Quality Online Free with Vance AI,https://vanceai.com/app/
What Is Analytical Reasoning? (With Definition and Tips) | Indeed.com,https://www.indeed.com/career-advice/career-development/analytical-reasoning
PDFfiller - Solved MCQs.pdf,https://www.pdffiller.com/jsfiller-mob11/?requestHash=081ccf8e63abf3c8193e03acb11fe7f27718f6d1193bd87dda2b51f3589f8bba&projectId=1042453233&loader=tips&replace_gtm=false#d62686989c704702897938f4d7600453
Boost Your Website&#39;s Traffic With These 10 SEO Strategies,https://www.entrepreneur.com/article/428615
Free Online OCR - Image to text and PDF to Doc converter,https://www.onlineocr.net/
Thoughts on the Quest for Mindfulness | Psychology Today,https://www.psychologytoday.com/us/blog/dude-where-s-my-car-tharsis/202207/thoughts-the-quest-mindfulness
AI Image Upscaler ‚Äì Enlarge Images &amp; Photos Online for Free,https://icons8.com/upscaler
Enhance and Enlarge Images | Free | PosterBurner AI,https://www.posterburner.com/PosterBurnerSuperRez.aspx
AI Image Upscaler Online - Free Image Enhancer,https://zyro.com/tools/image-upscaler
"PicResize - Crop, Resize, Edit images online for free!",https://picresize.com/
High Quality Free Blogger Templates,https://www.soratemplates.com/?m=1
"AddText ‚Äî Captions for your photos, quick and easy",https://addtext.com/photo/index?bgUrl=https%3A%2F%2Fwww10-addtext.ft-uc.com%2Ftmp%2FMjAyMjA3MTk%2Faddtext_com_MDcwOTA1NjE3Mw.jpg
PiPiADS - #1 TikTok ads spy tool,https://www.pipiads.com/login?redirect=%2Ftop-advertiser